n_splines,fold,test_month,train_end,n_train,n_test,lambda_avg,total_edof,train_ic,test_ic,pred_std_test,y_std_test
4,61,2020-02-28,2019-12-31,22025,401,0.015848931924611134,66.40206958053066,0.07668432428254165,-0.057987701636845364,0.006663706908351319,0.1380468352848294
4,62,2020-03-31,2020-01-31,22426,401,0.015848931924611134,66.49674189669526,0.07891333142867582,0.18147492517771208,0.009111281177149206,0.1259097009555371
4,63,2020-04-30,2020-02-28,22827,408,0.015848931924611134,66.49986598382309,0.07544540773396975,0.16299246961875594,0.010933262041468043,0.0780341223395583
4,64,2020-05-29,2020-03-31,23228,408,0.015848931924611134,66.51047057400056,0.07116842421142977,0.25814931427947063,0.009488987107769608,0.07572858125930454
4,65,2020-06-30,2020-04-30,23636,408,0.015848931924611134,66.2388448472475,0.0741341011598308,0.067642335835428,0.012374329797342007,0.08109991997886262
4,66,2020-07-31,2020-05-29,24044,409,0.015848931924611134,66.36868189505273,0.07808822286849672,0.09658739922315202,0.013062234355883781,0.08575095144892277
4,67,2020-08-31,2020-06-30,24452,409,0.015848931924611134,66.21370237687152,0.0780637851551631,-0.03256482815448459,0.01145722731265799,0.06148384428448436
4,68,2020-09-30,2020-07-31,24861,410,0.015848931924611134,66.17035366860891,0.07948580325860113,-0.03315025010096607,0.010585477685537022,0.07642100147112521
4,69,2020-10-30,2020-08-31,25270,409,0.015848931924611134,66.14476073158696,0.07907039748364564,-0.0015757372938642277,0.009837819968934607,0.12388175749329457
4,70,2020-11-30,2020-09-30,25680,411,0.015848931924611134,66.19984394454282,0.07821614175751462,0.1200328475909188,0.009632176861432579,0.06273179805578864
4,71,2020-12-31,2020-10-30,26089,414,0.015848931924611134,66.27378791297357,0.08276770490578242,0.01753937290093723,0.009843303021671678,0.07649208186401076
4,72,2021-01-29,2020-11-30,26500,416,0.015848931924611134,66.3326215483309,0.08422107457714081,0.07411407915472343,0.009612260952820698,0.10824467573324044
4,73,2021-02-26,2020-12-31,26914,414,0.015848931924611134,66.3966455319694,0.08367619037453276,-0.16851156670494544,0.009715049689380442,0.07300773212261553
4,74,2021-03-31,2021-01-29,27330,414,0.0039810717055349725,70.18656563868615,0.08531193439499198,0.020175540844498206,0.01300716127730321,0.057531975625183314
4,75,2021-04-30,2021-02-26,27744,416,0.015848931924611134,66.54775721778658,0.08462181075095289,-0.01849618234849262,0.011882400265924995,0.05947685873950152
4,76,2021-05-28,2021-03-31,28158,416,0.015848931924611134,66.58015174044215,0.08411605000680564,0.19679316759868087,0.008875868213472622,0.06996375159730672
4,77,2021-06-30,2021-04-30,28574,416,0.015848931924611134,66.63668548149853,0.08306903605156199,-0.047204995034371984,0.011578242803879028,0.06686825274628774
4,78,2021-07-30,2021-05-28,28990,417,0.015848931924611134,66.6876689758167,0.08528474719269702,-0.07857040488822638,0.010352836094196413,0.06116701436138577
4,79,2021-08-31,2021-06-30,29406,417,0.0039810717055349725,70.30835168867864,0.08278558564609059,-0.04251079749366649,0.0119210330729666,0.06458218054899671
4,80,2021-09-30,2021-07-30,29823,417,0.015848931924611134,66.75962172245248,0.08269914576076742,0.10311056616593646,0.009545894329230227,0.07844024822952006
4,81,2021-10-29,2021-08-31,30240,418,0.015848931924611134,66.8360095297568,0.08182968677379485,0.148485277922581,0.008219655080605478,0.0771210916027348
4,82,2021-11-30,2021-09-30,30657,418,0.015848931924611134,66.87832816377727,0.08136901237755083,-0.01859959013716827,0.009200249718180882,0.06962999075328666
4,83,2021-12-31,2021-10-29,31075,418,0.015848931924611134,66.93113453682659,0.08273492876435032,-0.31284462797494206,0.009794037652617878,0.09612003851809021
4,84,2022-01-31,2021-11-30,31493,418,0.015848931924611134,66.96999511631329,0.08164636881676991,-0.05568901359760709,0.009823954550890222,0.07834996039283011
4,85,2022-02-28,2021-12-31,31911,418,0.015848931924611134,67.02145762151844,0.07873295098703434,-0.10324296059147652,0.009055463838312502,0.08122945951841429
4,86,2022-03-31,2022-01-31,32329,418,0.015848931924611134,67.06841033450074,0.07722564551250526,-0.14744481238629706,0.008777036900118535,0.08500547287230889
4,87,2022-04-29,2022-02-28,32747,419,0.015848931924611134,67.05705348401249,0.07461704377291284,-0.11782802128820875,0.009029881600472876,0.085271453715553
4,88,2022-05-31,2022-03-31,33165,420,0.015848931924611134,67.0936640082009,0.07245693725324875,-0.07478195123618722,0.009135158442057935,0.07483324485239659
4,89,2022-06-30,2022-04-29,33584,422,0.015848931924611134,67.12912514090033,0.07020972354556904,0.219844653568303,0.009006826538467676,0.08337454085060092
4,90,2022-07-29,2022-05-31,34004,422,0.015848931924611134,67.17042482974585,0.0692131068015392,0.007229285135651159,0.008429326839074892,0.06864697910228464
4,91,2022-08-31,2022-06-30,34426,422,0.015848931924611134,67.2121588783673,0.07171667188148191,0.018387219906929125,0.008924272853324023,0.05978079942580781
4,92,2022-09-30,2022-07-29,34848,422,0.015848931924611134,67.24906329207295,0.07002728915911957,0.03492017451424923,0.009249078226621977,0.09380846472447765
4,93,2022-10-31,2022-08-31,35270,422,0.015848931924611134,67.29416672668773,0.0686922183358473,-0.047011349229916864,0.009463612392342582,0.08275254770941005
4,94,2022-11-30,2022-09-30,35692,423,0.015848931924611134,67.33003029811402,0.06682906262919343,-0.14271460756817123,0.009779949180910238,0.05813449482356658
4,95,2022-12-30,2022-10-31,36114,423,0.015848931924611134,67.37364777026234,0.0659261102953955,0.21466917284621556,0.009260667252552264,0.09986209390033975
4,96,2023-01-31,2022-11-30,36537,424,0.015848931924611134,67.39158773775712,0.063663602728007,0.12731122308900059,0.008606176044386946,0.06210324139312751
4,97,2023-02-28,2022-12-30,36960,424,0.015848931924611134,67.42032924194186,0.06574084016993016,-0.06315333259446715,0.009877164226170968,0.08120800437603543
4,98,2023-03-31,2023-01-31,37384,424,0.015848931924611134,67.45623200107529,0.06632341646540947,-0.06554744749626513,0.009592081989076979,0.06258952833387697
4,99,2023-04-28,2023-02-28,37808,424,0.015848931924611134,67.49079436876208,0.06623403091999747,0.23856998561724893,0.009788066714010715,0.11497923888213588
4,100,2023-05-31,2023-03-31,38232,425,0.015848931924611134,67.52863405176657,0.06495840882327782,0.1275067225795259,0.008003829578413994,0.06864308542757408
4,101,2023-06-30,2023-04-28,38656,425,0.015848931924611134,67.54388705158128,0.06689062129375656,0.08808627318537297,0.00928508801428485,0.07113039424095086
4,102,2023-07-31,2023-05-31,39081,425,0.015848931924611134,67.44132122569141,0.06801462341129057,0.0157729332894392,0.009435887685225953,0.07159964759325334
4,103,2023-08-31,2023-06-30,39506,426,0.015848931924611134,67.50620026831461,0.06736651298851351,-0.06065820364516619,0.009346351833734137,0.05121413772741013
4,104,2023-09-29,2023-07-31,39931,427,0.015848931924611134,67.54641227620043,0.0668664391562263,-0.264045669465147,0.008700393808206126,0.07044456693609889
4,105,2023-10-31,2023-08-31,40357,428,0.015848931924611134,67.5839561303644,0.06574860817315356,0.09821528194964128,0.00898467302831847,0.08732481079770593
4,106,2023-11-30,2023-09-29,40784,428,0.015848931924611134,67.62160096845133,0.06359689564975289,0.23801454804260688,0.007816240651279095,0.06879378072252723
4,107,2023-12-29,2023-10-31,41212,428,0.015848931924611134,67.65704755520733,0.06544495244913218,-0.1320830638897135,0.009644230221761791,0.06635549659073173
4,108,2024-01-31,2023-11-30,41640,428,0.015848931924611134,67.69370819806844,0.06716361700911035,0.19495218890263064,0.010146479046537074,0.09798187173928806
4,109,2024-02-29,2023-12-29,42068,428,0.015848931924611134,67.72197463914785,0.06571748072515529,0.08344408902117685,0.00783294861662914,0.06462303177031439
4,110,2024-03-28,2024-01-31,42496,429,0.015848931924611134,67.74110951860938,0.06716255622726006,-0.1251517609129605,0.010306663200464968,0.06382955618066989
4,111,2024-04-30,2024-02-29,42924,432,0.015848931924611134,67.7780699381863,0.06747661167441049,0.024861477971180664,0.009892672904288838,0.07954537187994848
4,112,2024-05-31,2024-03-28,43353,432,0.015848931924611134,67.8052181768274,0.06535210193149411,-0.07834424604603682,0.008711358746555356,0.06383823641007406
4,113,2024-06-28,2024-04-30,43785,432,0.015848931924611134,67.82362309619963,0.06451018353596201,0.03883305405165013,0.009964001120428754,0.08649338632616647
4,114,2024-07-31,2024-05-31,44217,432,0.015848931924611134,67.85355483217472,0.06319502979315374,-0.10748098243104652,0.009492738542385935,0.07083964570602028
4,115,2024-08-30,2024-06-28,44649,432,0.015848931924611134,67.882973394948,0.06278547075704975,0.08575490747386748,0.007793909121380713,0.0649354655546734
4,116,2024-09-30,2024-07-31,45081,432,0.015848931924611134,67.81206368640386,0.06147463248075487,-0.1279460397420524,0.007250543962376854,0.08128147077288625
4,117,2024-10-31,2024-08-30,45513,433,0.015848931924611134,67.85358423514471,0.062180663586253244,0.06628239561638617,0.007397960159482324,0.09739116691321777
4,118,2024-11-29,2024-09-30,45945,433,0.015848931924611134,67.8883299042137,0.061229764379294865,-0.028721292380555236,0.0074552800195367116,0.06334293661501328
5,61,2020-02-28,2019-12-31,22025,401,0.25118864315095796,75.26887453436737,0.08436623254690657,-0.021125552211097683,0.007105189116240855,0.1380468352848294
5,62,2020-03-31,2020-01-31,22426,401,0.25118864315095796,75.47302504013533,0.08830687601927464,0.17285765915721568,0.009259984319156846,0.1259097009555371
5,63,2020-04-30,2020-02-28,22827,408,0.06309573444801932,85.7770818424719,0.08487978475377814,0.1155837547307899,0.012748158050180624,0.0780341223395583
5,64,2020-05-29,2020-03-31,23228,408,0.06309573444801932,85.82898955968335,0.07957340578354048,0.2639218409326388,0.010325012131714233,0.07572858125930454
5,65,2020-06-30,2020-04-30,23636,408,0.06309573444801932,85.43674812491878,0.07880115534528742,0.048843679112797855,0.013694758820981555,0.08109991997886262
5,66,2020-07-31,2020-05-29,24044,409,0.06309573444801932,85.67000838864064,0.0823427218395221,0.10418913898866511,0.015143775977525786,0.08575095144892277
5,67,2020-08-31,2020-06-30,24452,409,0.06309573444801932,85.48757807296951,0.08177791991323019,-0.00911959712761248,0.012274707378181494,0.06148384428448436
5,68,2020-09-30,2020-07-31,24861,410,0.06309573444801932,85.43188457565708,0.08347442761562136,-0.027312573143988893,0.011586739362997341,0.07642100147112521
5,69,2020-10-30,2020-08-31,25270,409,0.06309573444801932,85.42372277566253,0.08253975284147679,-0.00876863426863849,0.011048552193707128,0.12388175749329457
5,70,2020-11-30,2020-09-30,25680,411,0.06309573444801932,85.50320832033665,0.0822612774318816,0.12298228608447911,0.01046207892899956,0.06273179805578864
5,71,2020-12-31,2020-10-30,26089,414,0.06309573444801932,85.61586990818176,0.08469579593595397,0.04391121631587903,0.011468388897312961,0.07649208186401076
5,72,2021-01-29,2020-11-30,26500,416,0.06309573444801932,85.69560756993002,0.08614141192327117,0.06884907716613725,0.010794573636995318,0.10824467573324044
5,73,2021-02-26,2020-12-31,26914,414,0.06309573444801932,85.7857197636441,0.08672267846193427,-0.15183612083983258,0.012246941099357374,0.07300773212261553
5,74,2021-03-31,2021-01-29,27330,414,0.06309573444801932,85.86923760004996,0.09058477813851389,0.026649443963665646,0.014691332559339023,0.057531975625183314
5,75,2021-04-30,2021-02-26,27744,416,0.06309573444801932,86.00386733221421,0.08758898965114517,-0.011981021589742563,0.013641455741967401,0.05947685873950152
5,76,2021-05-28,2021-03-31,28158,416,0.06309573444801932,86.03560776911934,0.08660989540170959,0.21007493827029752,0.010685142591356021,0.06996375159730672
5,77,2021-06-30,2021-04-30,28574,416,0.06309573444801932,86.12612297819976,0.0852298236778752,-0.023645669666715653,0.01271485303136658,0.06686825274628774
5,78,2021-07-30,2021-05-28,28990,417,0.06309573444801932,86.2250668628862,0.0880922949949719,-0.047237566043527524,0.012608037855100264,0.06116701436138577
5,79,2021-08-31,2021-06-30,29406,417,0.06309573444801932,86.30188996544774,0.0875637201967836,-0.09568222717152695,0.01305497023696788,0.06458218054899671
5,80,2021-09-30,2021-07-30,29823,417,0.06309573444801932,86.34621332134375,0.08560048092261165,0.12800868234702448,0.011336334349772537,0.07844024822952006
5,81,2021-10-29,2021-08-31,30240,418,0.06309573444801932,86.45960846974629,0.08342251099139002,0.09928119966827033,0.009928081350692633,0.0771210916027348
5,82,2021-11-30,2021-09-30,30657,418,0.06309573444801932,86.51734188005133,0.08306396825288162,-0.011090778168417338,0.010178624012974681,0.06962999075328666
5,83,2021-12-31,2021-10-29,31075,418,0.06309573444801932,86.59088953129337,0.08368667756575293,-0.25363953512732873,0.011067416116367404,0.09612003851809021
5,84,2022-01-31,2021-11-30,31493,418,0.06309573444801932,86.642943544374,0.08202361750370434,-0.04504786046097284,0.010487996098800769,0.07834996039283011
5,85,2022-02-28,2021-12-31,31911,418,0.06309573444801932,86.71955424595114,0.08058619680504038,-0.12370570550588003,0.010491222046546216,0.08122945951841429
5,86,2022-03-31,2022-01-31,32329,418,0.06309573444801932,86.78179997656994,0.07996181103897511,-0.09921433095435835,0.009968895580411828,0.08500547287230889
5,87,2022-04-29,2022-02-28,32747,419,0.06309573444801932,86.76425337309684,0.07690810985041428,-0.1269931588549959,0.010809327390041989,0.085271453715553
5,88,2022-05-31,2022-03-31,33165,420,0.06309573444801932,86.81280901903692,0.07541291196858951,-0.055526571830770276,0.011901457713126338,0.07483324485239659
5,89,2022-06-30,2022-04-29,33584,422,0.06309573444801932,86.85988516633819,0.07279085257962277,0.11108873837770554,0.012155231703313708,0.08337454085060092
5,90,2022-07-29,2022-05-31,34004,422,0.06309573444801932,86.91852260189721,0.06919758843871289,0.011516653291595711,0.010829058424803613,0.06864697910228464
5,91,2022-08-31,2022-06-30,34426,422,0.06309573444801932,86.97596219357959,0.0709003110986391,0.02528181859770941,0.011564719798733893,0.05978079942580781
5,92,2022-09-30,2022-07-29,34848,422,0.06309573444801932,87.02509085431296,0.06994611598138403,0.05392766635078612,0.011688966796301629,0.09380846472447765
5,93,2022-10-31,2022-08-31,35270,422,0.06309573444801932,87.09123292302003,0.06845780804909525,-0.08862851888522177,0.01157686297466467,0.08275254770941005
5,94,2022-11-30,2022-09-30,35692,423,0.06309573444801932,87.14310849780063,0.06591654370418909,-0.13208455085529763,0.012447668503476884,0.05813449482356658
5,95,2022-12-30,2022-10-31,36114,423,0.06309573444801932,87.20569065170112,0.06413626554119174,0.16846141829991743,0.012030915188356745,0.09986209390033975
5,96,2023-01-31,2022-11-30,36537,424,0.25118864315095796,77.84488288849455,0.0629083967771858,0.11032709450558854,0.009421204681915969,0.06210324139312751
5,97,2023-02-28,2022-12-30,36960,424,0.25118864315095796,77.89348919415869,0.06477783478663156,-0.06275330413120614,0.010199748959155298,0.08120800437603543
5,98,2023-03-31,2023-01-31,37384,424,0.25118864315095796,77.97259796927953,0.06570870693952935,-0.066570739592239,0.010607793684918678,0.06258952833387697
5,99,2023-04-28,2023-02-28,37808,424,0.25118864315095796,78.06832875702719,0.065616610634276,0.21497428860740153,0.010638457198397216,0.11497923888213588
5,100,2023-05-31,2023-03-31,38232,425,0.25118864315095796,78.16281132969459,0.06445616009762233,0.11563540217768059,0.008050707984594388,0.06864308542757408
5,101,2023-06-30,2023-04-28,38656,425,0.25118864315095796,78.2011858171636,0.06637426815717327,0.08268546467029252,0.010203032706880177,0.07113039424095086
5,102,2023-07-31,2023-05-31,39081,425,0.06309573444801932,87.23208006788681,0.06590942005247417,0.04135343869986249,0.011126119097955677,0.07159964759325334
5,103,2023-08-31,2023-06-30,39506,426,0.06309573444801932,87.39501108184787,0.06593751831619865,-0.023017107744014942,0.011099023201330084,0.05121413772741013
5,104,2023-09-29,2023-07-31,39931,427,0.06309573444801932,87.46906179714146,0.06570333392769781,-0.2923762252930084,0.009986244644885681,0.07044456693609889
5,105,2023-10-31,2023-08-31,40357,428,0.06309573444801932,87.52983567357157,0.06403860492160326,0.10747322463754758,0.010040954451838639,0.08732481079770593
5,106,2023-11-30,2023-09-29,40784,428,0.25118864315095796,78.46853160039821,0.06316352233523828,0.2307423634255736,0.008072788246112184,0.06879378072252723
5,107,2023-12-29,2023-10-31,41212,428,0.25118864315095796,78.55693344005786,0.06454600721954978,-0.12271262450209308,0.010463813578228403,0.06635549659073173
5,108,2024-01-31,2023-11-30,41640,428,0.25118864315095796,78.65129977051342,0.06666185017375943,0.21308022851371433,0.011298310518056813,0.09798187173928806
5,109,2024-02-29,2023-12-29,42068,428,0.25118864315095796,78.72265837744978,0.06529982046354475,0.07746691697567477,0.00809795024850762,0.06462303177031439
5,110,2024-03-28,2024-01-31,42496,429,0.06309573444801932,87.75332080992155,0.06524927632592549,-0.11884346177206226,0.013310836580471188,0.06382955618066989
5,111,2024-04-30,2024-02-29,42924,432,0.06309573444801932,87.80646114914975,0.06538430911158331,0.03065018502845892,0.012038977833999624,0.07954537187994848
5,112,2024-05-31,2024-03-28,43353,432,0.06309573444801932,87.84279554596358,0.06247684027667462,-0.026102469019622612,0.011053563668283403,0.06383823641007406
5,113,2024-06-28,2024-04-30,43785,432,0.06309573444801932,87.87411763429677,0.06171633618032209,-0.005295585602937589,0.012989790647711042,0.08649338632616647
5,114,2024-07-31,2024-05-31,44217,432,0.06309573444801932,87.91776110197615,0.06127064919530944,-0.08517992477628142,0.012095465714199444,0.07083964570602028
5,115,2024-08-30,2024-06-28,44649,432,0.06309573444801932,87.9577955775303,0.060020004299940484,0.04959956394548586,0.009215702724811939,0.0649354655546734
5,116,2024-09-30,2024-07-31,45081,432,0.06309573444801932,87.87079392234334,0.058896124787791805,-0.09467053741457124,0.008069386601870149,0.08128147077288625
5,117,2024-10-31,2024-08-30,45513,433,0.06309573444801932,87.94495672735992,0.05942030314520302,0.037295478767042915,0.008759356284217349,0.09739116691321777
5,118,2024-11-29,2024-09-30,45945,433,0.06309573444801932,88.01508898745763,0.059200531346118225,-0.010284116188902757,0.00795778315141823,0.06334293661501328
10,61,2020-02-28,2019-12-31,22025,401,63.09573444801931,87.95583759165443,0.08732928909826153,0.00257230154922471,0.007509650166669212,0.1380468352848294
10,62,2020-03-31,2020-01-31,22426,401,63.09573444801931,88.29723806876085,0.09108178299177981,0.14827637930413032,0.009164770069196781,0.1259097009555371
10,63,2020-04-30,2020-02-28,22827,408,15.848931924611138,111.53162971522056,0.08736659567004854,0.11536696031973921,0.012120174125499414,0.0780341223395583
10,64,2020-05-29,2020-03-31,23228,408,15.848931924611138,111.76170538557342,0.08097594169654343,0.2424629046564128,0.00995286856713667,0.07572858125930454
10,65,2020-06-30,2020-04-30,23636,408,15.848931924611138,111.09638461963887,0.08094325955117923,0.035754825818400254,0.013604432126441971,0.08109991997886262
10,66,2020-07-31,2020-05-29,24044,409,15.848931924611138,111.52795321197499,0.08418352750032371,0.09092761886521515,0.014508096493122647,0.08575095144892277
10,67,2020-08-31,2020-06-30,24452,409,15.848931924611138,111.2551102793472,0.08244911469042163,-0.01685235601139321,0.012326585194785682,0.06148384428448436
10,68,2020-09-30,2020-07-31,24861,410,3.9810717055349696,133.92142273508568,0.08316652716865372,-0.012350827182702645,0.012910064330766894,0.07642100147112521
10,69,2020-10-30,2020-08-31,25270,409,15.848931924611138,111.4525018472821,0.08288821938711415,-0.007683297851181696,0.011559714799091679,0.12388175749329457
10,70,2020-11-30,2020-09-30,25680,411,15.848931924611138,111.69065990820343,0.08425991844194657,0.11479614236123081,0.01047748806202689,0.06273179805578864
10,71,2020-12-31,2020-10-30,26089,414,3.9810717055349696,134.50377977458757,0.08315800077264562,0.04930641789690493,0.012729923607787158,0.07649208186401076
10,72,2021-01-29,2020-11-30,26500,416,3.9810717055349696,134.73825354953127,0.08556838624827658,0.03726356580619279,0.012215658881501586,0.10824467573324044
10,73,2021-02-26,2020-12-31,26914,414,3.9810717055349696,134.96487070154916,0.08584376434278534,-0.12927275639900498,0.01475666575085362,0.07300773212261553
10,74,2021-03-31,2021-01-29,27330,414,3.9810717055349696,135.17520142382122,0.08796923882555699,0.0021431137451385657,0.016757558749255216,0.057531975625183314
10,75,2021-04-30,2021-02-26,27744,416,15.848931924611138,113.07676599150787,0.08733821065009441,0.028352434092464653,0.013397195637516667,0.05947685873950152
10,76,2021-05-28,2021-03-31,28158,416,3.9810717055349696,135.62192424301998,0.08502765157325327,0.22023581245802315,0.012432782349903722,0.06996375159730672
10,77,2021-06-30,2021-04-30,28574,416,3.9810717055349696,135.8136409194879,0.08410437036687729,-0.08513414536980003,0.014078851793411444,0.06686825274628774
10,78,2021-07-30,2021-05-28,28990,417,15.848931924611138,113.699844266517,0.08916422548552166,-0.049001871047031076,0.012692075013461247,0.06116701436138577
10,79,2021-08-31,2021-06-30,29406,417,3.9810717055349696,136.20605351530173,0.0859837086797169,-0.007354442768567475,0.014379597815801348,0.06458218054899671
10,80,2021-09-30,2021-07-30,29823,417,3.9810717055349696,136.32119072042275,0.08396474867631977,0.0992806787038922,0.012745698640540542,0.07844024822952006
10,81,2021-10-29,2021-08-31,30240,418,3.9810717055349696,136.61049750307166,0.08157149872448224,0.08015410316730173,0.011475009712864316,0.0771210916027348
10,82,2021-11-30,2021-09-30,30657,418,3.9810717055349696,136.79605566781072,0.08126227413989524,-0.01897174460345319,0.011920565782055994,0.06962999075328666
10,83,2021-12-31,2021-10-29,31075,418,3.9810717055349696,137.00327579248565,0.08231455185778988,-0.24025314719039054,0.012330988100386379,0.09612003851809021
10,84,2022-01-31,2021-11-30,31493,418,3.9810717055349696,137.17434568386375,0.08114558329798172,-0.03348051097712088,0.011932757046316987,0.07834996039283011
10,85,2022-02-28,2021-12-31,31911,418,3.9810717055349696,137.39078313222984,0.07855845265241895,-0.09474420131174692,0.012293696395937314,0.08122945951841429
10,86,2022-03-31,2022-01-31,32329,418,3.9810717055349696,137.5699122200374,0.07819705653497536,-0.07860436647292851,0.01095275046364436,0.08500547287230889
10,87,2022-04-29,2022-02-28,32747,419,3.9810717055349696,137.68138101913573,0.07592081963296131,-0.12355839377954995,0.012312518635991887,0.085271453715553
10,88,2022-05-31,2022-03-31,33165,420,15.848931924611138,115.78132181237888,0.07650133306749045,-0.06873364806365413,0.012156425761611734,0.07483324485239659
10,89,2022-06-30,2022-04-29,33584,422,15.848931924611138,115.96004843460685,0.07392872872254341,0.040690794781420965,0.012635575706967434,0.08337454085060092
10,90,2022-07-29,2022-05-31,34004,422,0.015848931924611134,195.18348827693586,0.07180754733912059,-0.024668095230512103,0.011839669016214563,0.06864697910228464
10,91,2022-08-31,2022-06-30,34426,422,15.848931924611138,116.40087633515775,0.07135101135883537,0.006337719888286045,0.012356914455370715,0.05978079942580781
10,92,2022-09-30,2022-07-29,34848,422,15.848931924611138,116.58900962148485,0.07060430808353951,0.037404053670666196,0.011980604926852012,0.09380846472447765
10,93,2022-10-31,2022-08-31,35270,422,0.015848931924611134,195.32830142195814,0.06740291565664779,-0.1307105126821929,0.013869650384727575,0.08275254770941005
10,94,2022-11-30,2022-09-30,35692,423,0.015848931924611134,195.41247219138597,0.0672469085175122,-0.12067903240894758,0.020207063789265567,0.05813449482356658
10,95,2022-12-30,2022-10-31,36114,423,0.015848931924611134,195.51092519408783,0.06523029708552296,0.1333144184716631,0.015727790031272344,0.09986209390033975
10,96,2023-01-31,2022-11-30,36537,424,0.015848931924611134,195.51614180950475,0.06312676992544144,0.08189311541726789,0.01341906342893,0.06210324139312751
10,97,2023-02-28,2022-12-30,36960,424,0.015848931924611134,195.5295294996095,0.06588984648218145,-0.07253566093959347,0.015829708655634857,0.08120800437603543
10,98,2023-03-31,2023-01-31,37384,424,0.015848931924611134,195.57862404633752,0.06578146885951656,-0.09059291511910837,0.013914915215768908,0.06258952833387697
10,99,2023-04-28,2023-02-28,37808,424,0.015848931924611134,195.61143104843492,0.0653536146698688,0.1735245073714894,0.013523745027923525,0.11497923888213588
10,100,2023-05-31,2023-03-31,38232,425,0.015848931924611134,195.66377621980268,0.06470712845375083,0.07776338583526848,0.019949638924446414,0.06864308542757408
10,101,2023-06-30,2023-04-28,38656,425,0.015848931924611134,195.67122537069258,0.06753972222854139,0.043527473063862,0.024296943607688238,0.07113039424095086
10,102,2023-07-31,2023-05-31,39081,425,0.015848931924611134,195.10025778690584,0.06773910082985501,-0.024019954047914776,0.014491219176202696,0.07159964759325334
10,103,2023-08-31,2023-06-30,39506,426,0.015848931924611134,195.1770626874839,0.06737552571008705,-0.005992213800835238,0.013885040800715029,0.05121413772741013
10,104,2023-09-29,2023-07-31,39931,427,0.015848931924611134,195.38421982794392,0.06700596650980985,-0.25596331349930534,0.012158575434023414,0.07044456693609889
10,105,2023-10-31,2023-08-31,40357,428,0.015848931924611134,195.4887916035749,0.06705125046205954,0.08189055678213907,0.015511251192750207,0.08732481079770593
10,106,2023-11-30,2023-09-29,40784,428,0.015848931924611134,195.57052193732972,0.0634488598916844,0.21743193758347398,0.00977958425726676,0.06879378072252723
10,107,2023-12-29,2023-10-31,41212,428,0.015848931924611134,195.6364746687238,0.06518029348358374,-0.13054392536954249,0.019142943763538135,0.06635549659073173
10,108,2024-01-31,2023-11-30,41640,428,0.015848931924611134,195.6765383282761,0.06739849995203301,0.1418467060277635,0.024331220694301527,0.09798187173928806
10,109,2024-02-29,2023-12-29,42068,428,0.015848931924611134,195.7020361920809,0.06593518344221584,0.056781450808063426,0.010100996179842904,0.06462303177031439
10,110,2024-03-28,2024-01-31,42496,429,0.0039810717055349725,200.85999873046634,0.06662448024428615,-0.13793767482523434,0.011967851074283914,0.06382955618066989
10,111,2024-04-30,2024-02-29,42924,432,0.015848931924611134,195.71364576453254,0.06810715464327703,0.04519897964195981,0.0124319798921177,0.07954537187994848
10,112,2024-05-31,2024-03-28,43353,432,0.0039810717055349725,200.8817936394945,0.06528064750916865,0.029075561339650283,0.020182285522284227,0.06383823641007406
10,113,2024-06-28,2024-04-30,43785,432,0.0039810717055349725,200.89290519815796,0.06511165259357912,0.0012041510913419838,0.023500816623871323,0.08649338632616647
10,114,2024-07-31,2024-05-31,44217,432,0.015848931924611134,195.79307992918558,0.06525871906775818,-0.058013739304928966,0.022356354428251016,0.07083964570602028
10,115,2024-08-30,2024-06-28,44649,432,0.015848931924611134,195.83214291543635,0.06433006167334193,0.015428167252270785,0.010443251290199101,0.0649354655546734
10,116,2024-09-30,2024-07-31,45081,432,0.015848931924611134,195.7336070068704,0.0634173024264309,-0.06689632363294915,0.009763014556911365,0.08128147077288625
10,117,2024-10-31,2024-08-30,45513,433,0.015848931924611134,195.84813393993818,0.06386864571270497,-0.008157937914530473,0.0107237529552672,0.09739116691321777
10,118,2024-11-29,2024-09-30,45945,433,0.015848931924611134,195.94991986993122,0.06382855960940498,0.03899890468708366,0.010398438691790484,0.06334293661501328
20,61,2020-02-28,2019-12-31,22025,401,1000.0,99.53775313584316,0.09029130349191149,0.021602531582437787,0.007743145188493994,0.1380468352848294
20,62,2020-03-31,2020-01-31,22426,401,1000.0,100.00627189826778,0.09288199736460012,0.13855869228373768,0.009447314083059889,0.1259097009555371
20,63,2020-04-30,2020-02-28,22827,408,1000.0,100.26487946766798,0.08910131957611356,0.12990278705383038,0.01136765135211977,0.0780341223395583
20,64,2020-05-29,2020-03-31,23228,408,0.015848931924611134,399.3281160908772,0.10708859763342285,0.06895793799715612,0.051994903825779995,0.07572858125930454
20,65,2020-06-30,2020-04-30,23636,408,0.0039810717055349725,407.64537696170487,0.10654195853542145,-0.02961973779888922,0.048343508084616446,0.08109991997886262
20,66,2020-07-31,2020-05-29,24044,409,0.0039810717055349725,407.7217716950762,0.10786193704138748,0.07584007459145127,0.12271406975628604,0.08575095144892277
20,67,2020-08-31,2020-06-30,24452,409,0.0039810717055349725,407.96251978909413,0.10581247264053649,-0.034493282244649016,0.118594359889817,0.06148384428448436
20,68,2020-09-30,2020-07-31,24861,410,0.0039810717055349725,407.71455343964857,0.10640892394901608,0.07045737262227786,0.023878214673783933,0.07642100147112521
20,69,2020-10-30,2020-08-31,25270,409,0.0039810717055349725,407.45437172078334,0.10646128580254306,0.0019956298897581457,0.020116440343172372,0.12388175749329457
20,70,2020-11-30,2020-09-30,25680,411,0.0039810717055349725,407.56898238203576,0.10882156028746051,0.06155293536885979,0.018406341663371406,0.06273179805578864
20,71,2020-12-31,2020-10-30,26089,414,0.0039810717055349725,408.05608849223506,0.10722442936759151,0.015281345112837299,0.025225321121405048,0.07649208186401076
20,72,2021-01-29,2020-11-30,26500,416,0.0039810717055349725,408.2358983675181,0.10785725481916027,0.029682436336082998,0.02073902170137582,0.10824467573324044
20,73,2021-02-26,2020-12-31,26914,414,0.0039810717055349725,408.5561822701329,0.1056801245511577,-0.08094949451646313,0.03389503527558078,0.07300773212261553
20,74,2021-03-31,2021-01-29,27330,414,0.0039810717055349725,408.7179257526467,0.10847446562337466,-0.061189808215211784,0.02908327451516064,0.057531975625183314
20,75,2021-04-30,2021-02-26,27744,416,0.015848931924611134,397.26827861205277,0.10705882867982033,-0.02871448007230411,0.03302394580671556,0.05947685873950152
20,76,2021-05-28,2021-03-31,28158,416,0.0039810717055349725,408.62014108645974,0.10509281780134988,0.13145286665794426,0.04880618340104003,0.06996375159730672
20,77,2021-06-30,2021-04-30,28574,416,0.015848931924611134,397.45570347905436,0.10312920973273891,-0.06390728289159744,0.017729828597066337,0.06686825274628774
20,78,2021-07-30,2021-05-28,28990,417,0.015848931924611134,397.818963396379,0.10515529941731691,-0.009401241782105786,0.020810960359321628,0.06116701436138577
20,79,2021-08-31,2021-06-30,29406,417,0.015848931924611134,398.07554979877966,0.10502500652233734,-0.029711022032548516,0.028523736701662004,0.06458218054899671
20,80,2021-09-30,2021-07-30,29823,417,0.015848931924611134,398.268483438922,0.10332825643229808,0.09940570754596088,0.018305651888693014,0.07844024822952006
20,81,2021-10-29,2021-08-31,30240,418,0.015848931924611134,398.4955929016969,0.1006519827542435,0.1384017814122474,0.019748061155139208,0.0771210916027348
20,82,2021-11-30,2021-09-30,30657,418,0.015848931924611134,398.6883414118879,0.10074638911695699,-0.021038228807632193,0.023616980408743823,0.06962999075328666
20,83,2021-12-31,2021-10-29,31075,418,0.015848931924611134,398.8281791065277,0.10179020970561724,-0.1519197789418983,0.018555035868188286,0.09612003851809021
20,84,2022-01-31,2021-11-30,31493,418,0.015848931924611134,398.9463793780628,0.09924440588665295,-0.039777890327806154,0.01646169515865429,0.07834996039283011
20,85,2022-02-28,2021-12-31,31911,418,0.015848931924611134,399.06691355827854,0.09771480874390516,0.0387690477569499,0.03004543789982892,0.08122945951841429
20,86,2022-03-31,2022-01-31,32329,418,0.015848931924611134,399.1698342573195,0.09734830658940723,-0.053733109947540984,0.01472987516380322,0.08500547287230889
20,87,2022-04-29,2022-02-28,32747,419,0.015848931924611134,399.2298223681455,0.09640384196157596,-0.12216719565257762,0.014865571490713396,0.085271453715553
20,88,2022-05-31,2022-03-31,33165,420,0.015848931924611134,399.30576135574825,0.0952237164119775,-0.05933790014614911,0.023199143364260537,0.07483324485239659
20,89,2022-06-30,2022-04-29,33584,422,0.015848931924611134,399.37079465812866,0.09325352577775767,0.009634921434580964,0.02053169181477551,0.08337454085060092
20,90,2022-07-29,2022-05-31,34004,422,0.015848931924611134,399.47397151185896,0.09051437466323256,0.00962390400159613,0.015616087862909613,0.06864697910228464
20,91,2022-08-31,2022-06-30,34426,422,0.015848931924611134,399.5946066806326,0.0898215247729199,-0.035737407732768976,0.02116429253682627,0.05978079942580781
20,92,2022-09-30,2022-07-29,34848,422,0.015848931924611134,399.67174693069273,0.08982895822741463,0.0034093758354432064,0.01663493676419985,0.09380846472447765
20,93,2022-10-31,2022-08-31,35270,422,0.015848931924611134,399.8153269593531,0.08526414140315279,-0.1569638951720245,0.01766193580811323,0.08275254770941005
20,94,2022-11-30,2022-09-30,35692,423,0.015848931924611134,399.91717453192723,0.08265668535639831,-0.05961621699610745,0.015731353765605596,0.05813449482356658
20,95,2022-12-30,2022-10-31,36114,423,0.015848931924611134,400.0201542522018,0.07977801937859876,0.1145453423362123,0.0248910744197114,0.09986209390033975
20,96,2023-01-31,2022-11-30,36537,424,0.015848931924611134,399.85157305702523,0.0787259352831325,0.0007347236670755999,0.01748342701034263,0.06210324139312751
20,97,2023-02-28,2022-12-30,36960,424,0.015848931924611134,399.9182513475248,0.07809947890118381,-0.04897444099918883,0.023928648356273424,0.08120800437603543
20,98,2023-03-31,2023-01-31,37384,424,0.015848931924611134,399.9838690829664,0.07730190617675127,-0.0684288806089743,0.016351238434730263,0.06258952833387697
20,99,2023-04-28,2023-02-28,37808,424,0.015848931924611134,400.1255425327944,0.0761666879202577,0.10710356722745698,0.014629302268510773,0.11497923888213588
20,100,2023-05-31,2023-03-31,38232,425,0.015848931924611134,400.24511828052096,0.07598721704393376,0.05804069282665642,0.015823334232935568,0.06864308542757408
20,101,2023-06-30,2023-04-28,38656,425,0.015848931924611134,400.28090758806945,0.07733960031314632,0.019516037565630088,0.027981399595728176,0.07113039424095086
20,102,2023-07-31,2023-05-31,39081,425,0.015848931924611134,398.67742237608843,0.07668529765794277,0.014067003506903349,0.01683398730247287,0.07159964759325334
20,103,2023-08-31,2023-06-30,39506,426,0.015848931924611134,398.93522329800817,0.07726680727498487,0.012013299007922558,0.017173542625090507,0.05121413772741013
20,104,2023-09-29,2023-07-31,39931,427,0.015848931924611134,399.8315856347216,0.07692775549283429,-0.17080348516825222,0.017019996289511174,0.07044456693609889
20,105,2023-10-31,2023-08-31,40357,428,0.015848931924611134,399.89761903611947,0.07783456318603835,0.06340390524257877,0.018303803070983116,0.08732481079770593
20,106,2023-11-30,2023-09-29,40784,428,0.015848931924611134,399.9804329176361,0.0750829655538791,0.12631802893538155,0.01519601128032915,0.06879378072252723
20,107,2023-12-29,2023-10-31,41212,428,0.015848931924611134,400.02615069757746,0.07666226485653563,-0.11279148698444326,0.01574207628740736,0.06635549659073173
20,108,2024-01-31,2023-11-30,41640,428,251.1886431509577,150.66187846324698,0.06689799296438902,0.16686153339890047,0.013250358563524479,0.09798187173928806
20,109,2024-02-29,2023-12-29,42068,428,251.1886431509577,150.94207015973592,0.06530843679803722,0.0821145615968899,0.009058750098750333,0.06462303177031439
20,110,2024-03-28,2024-01-31,42496,429,0.0039810717055349725,410.2879592300643,0.07958709835187197,-0.07203133767859787,0.013370617780659566,0.06382955618066989
20,111,2024-04-30,2024-02-29,42924,432,0.0039810717055349725,410.40712111657626,0.08073748527836608,0.02959100837011657,0.016793530553245183,0.07954537187994848
20,112,2024-05-31,2024-03-28,43353,432,0.0039810717055349725,410.4771852917441,0.07850802754209339,0.0507298901085599,0.018994211725383795,0.06383823641007406
20,113,2024-06-28,2024-04-30,43785,432,0.0039810717055349725,410.48366565691674,0.07823215721823118,-0.034989743133289015,0.018175130705516525,0.08649338632616647
20,114,2024-07-31,2024-05-31,44217,432,0.0039810717055349725,410.5427341602234,0.07851109212750046,-0.024083618100566057,0.026422495707092736,0.07083964570602028
20,115,2024-08-30,2024-06-28,44649,432,0.0039810717055349725,410.5782381239713,0.07761388721494925,0.0990584699451969,0.02131306905571948,0.0649354655546734
20,116,2024-09-30,2024-07-31,45081,432,0.0039810717055349725,409.99524058018113,0.07636276577204208,-0.05117939826977558,0.014522773159697671,0.08128147077288625
20,117,2024-10-31,2024-08-30,45513,433,0.0039810717055349725,410.1596153605003,0.07725388360787212,-0.023576130160425198,0.020091212820188248,0.09739116691321777
20,118,2024-11-29,2024-09-30,45945,433,0.0039810717055349725,410.736396325971,0.07694335101805036,0.06585639132086747,0.012455243635479918,0.06334293661501328
