date,fold,feature,coef,variant
2020-02-28,61,EarningsYield_zscore,8.417721969422884e-05,baseline
2020-02-28,61,GrossProfitability_zscore,0.001410356351152445,baseline
2020-02-28,61,AssetGrowth_zscore,-0.00011283697560947944,baseline
2020-02-28,61,Accruals_zscore,0.001223978062981913,baseline
2020-02-28,61,Momentum12_1_zscore,3.9639911658400346e-05,baseline
2020-02-28,61,NetDebtEBITDA_zscore,-0.0006427763360008602,baseline
2020-02-28,61,SUE_zscore,-0.0006335242942029718,baseline
2020-02-28,61,AnalystRevision_zscore,0.0009407596826837547,baseline
2020-02-28,61,AnalystDispersion_zscore,-0.0004999114650537706,baseline
2020-02-28,61,RevisionBreadth_zscore,0.0005648060521510918,baseline
2020-02-28,61,Beta_zscore,0.00047904653263245323,baseline
2020-02-28,61,IVOL_zscore,0.002416166514497887,baseline
2020-02-28,61,ShortInterestRatio_zscore,0.001260387230623923,baseline
2020-02-28,61,InstOwnershipChg_zscore,-0.0003246659447955642,baseline
2020-03-31,62,GrossProfitability_zscore,0.0008239686465895949,baseline
2020-03-31,62,IVOL_zscore,0.0017442793618733245,baseline
2020-03-31,62,ShortInterestRatio_zscore,0.0004911813774876591,baseline
2020-04-30,63,GrossProfitability_zscore,0.0011382115975591333,baseline
2020-04-30,63,IVOL_zscore,0.001134927848560261,baseline
2020-04-30,63,ShortInterestRatio_zscore,0.0003316455345812017,baseline
2020-05-29,64,GrossProfitability_zscore,0.0013697814745699682,baseline
2020-05-29,64,IVOL_zscore,0.002182426308812036,baseline
2020-05-29,64,ShortInterestRatio_zscore,0.0006996665584728281,baseline
2020-06-30,65,GrossProfitability_zscore,0.0014542117094016678,baseline
2020-06-30,65,IVOL_zscore,0.0018176976370603323,baseline
2020-06-30,65,ShortInterestRatio_zscore,0.0006555581491949686,baseline
2020-07-31,66,GrossProfitability_zscore,0.00170889538559918,baseline
2020-07-31,66,AnalystRevision_zscore,7.0296597652851615e-06,baseline
2020-07-31,66,IVOL_zscore,0.0022913841354415335,baseline
2020-07-31,66,ShortInterestRatio_zscore,0.0007525215753307877,baseline
2020-08-31,67,GrossProfitability_zscore,0.0017959333563031237,baseline
2020-08-31,67,Momentum12_1_zscore,0.0001441785893585978,baseline
2020-08-31,67,AnalystRevision_zscore,1.3498113861461487e-05,baseline
2020-08-31,67,IVOL_zscore,0.0021998493853883994,baseline
2020-08-31,67,ShortInterestRatio_zscore,0.0007885480285361476,baseline
2020-09-30,68,GrossProfitability_zscore,0.002266785422131034,baseline
2020-09-30,68,Accruals_zscore,0.00041542016413846384,baseline
2020-09-30,68,Momentum12_1_zscore,0.00048257436570642715,baseline
2020-09-30,68,NetDebtEBITDA_zscore,-0.00011394418425119177,baseline
2020-09-30,68,AnalystRevision_zscore,0.0001873091464325736,baseline
2020-09-30,68,AnalystDispersion_zscore,-4.726842372559278e-05,baseline
2020-09-30,68,RevisionBreadth_zscore,1.0754677457429212e-05,baseline
2020-09-30,68,IVOL_zscore,0.0025279543145142937,baseline
2020-09-30,68,ShortInterestRatio_zscore,0.0011902775286756317,baseline
2020-10-30,69,GrossProfitability_zscore,0.002167725663108615,baseline
2020-10-30,69,Accruals_zscore,0.00026014971828803636,baseline
2020-10-30,69,Momentum12_1_zscore,0.00043517635362138815,baseline
2020-10-30,69,NetDebtEBITDA_zscore,-8.720172399506765e-05,baseline
2020-10-30,69,AnalystRevision_zscore,2.9819204484245045e-05,baseline
2020-10-30,69,IVOL_zscore,0.0022041566856924057,baseline
2020-10-30,69,ShortInterestRatio_zscore,0.0010376451668786615,baseline
2020-11-30,70,EarningsYield_zscore,-0.00037231396583590554,baseline
2020-11-30,70,GrossProfitability_zscore,0.0027028863654657343,baseline
2020-11-30,70,AssetGrowth_zscore,0.0002297246764724835,baseline
2020-11-30,70,Accruals_zscore,0.0015391103171153915,baseline
2020-11-30,70,Momentum12_1_zscore,0.0006425320744012644,baseline
2020-11-30,70,NetDebtEBITDA_zscore,-0.0008222500430593815,baseline
2020-11-30,70,SUE_zscore,-0.00040035826303817167,baseline
2020-11-30,70,AnalystRevision_zscore,0.000757252776550544,baseline
2020-11-30,70,AnalystDispersion_zscore,-0.0006196149524073428,baseline
2020-11-30,70,RevisionBreadth_zscore,0.0005343247859697478,baseline
2020-11-30,70,Beta_zscore,0.0004583257114337077,baseline
2020-11-30,70,IVOL_zscore,0.002748582612304323,baseline
2020-11-30,70,ShortInterestRatio_zscore,0.0016523378315584504,baseline
2020-11-30,70,InstOwnershipChg_zscore,-0.0005802735410101714,baseline
2020-12-31,71,EarningsYield_zscore,-0.00014763936198205474,baseline
2020-12-31,71,GrossProfitability_zscore,0.0023341986511249023,baseline
2020-12-31,71,AssetGrowth_zscore,0.00015721484521974608,baseline
2020-12-31,71,Accruals_zscore,0.001225508199510845,baseline
2020-12-31,71,Momentum12_1_zscore,0.0006848319856724868,baseline
2020-12-31,71,NetDebtEBITDA_zscore,-0.0005173972556107633,baseline
2020-12-31,71,SUE_zscore,-0.0006071513233911283,baseline
2020-12-31,71,AnalystRevision_zscore,0.0006011516336940506,baseline
2020-12-31,71,AnalystDispersion_zscore,-0.0004987635476129968,baseline
2020-12-31,71,RevisionBreadth_zscore,0.0004629771004363498,baseline
2020-12-31,71,Beta_zscore,0.0013600494153596424,baseline
2020-12-31,71,IVOL_zscore,0.003151646011875704,baseline
2020-12-31,71,ShortInterestRatio_zscore,0.0014468845826298706,baseline
2020-12-31,71,InstOwnershipChg_zscore,-0.0005361072978998656,baseline
2021-01-29,72,GrossProfitability_zscore,0.001350593299567892,baseline
2021-01-29,72,Beta_zscore,0.0007615204847740707,baseline
2021-01-29,72,IVOL_zscore,0.002618498731656141,baseline
2021-01-29,72,ShortInterestRatio_zscore,0.0006331901302916256,baseline
2021-02-26,73,GrossProfitability_zscore,0.0011315231086643906,baseline
2021-02-26,73,Momentum12_1_zscore,0.00015494363877665098,baseline
2021-02-26,73,Beta_zscore,0.0005689668006982361,baseline
2021-02-26,73,IVOL_zscore,0.00300197571189418,baseline
2021-02-26,73,ShortInterestRatio_zscore,0.0006487928574201998,baseline
2021-03-31,74,GrossProfitability_zscore,0.0011260878522415597,baseline
2021-03-31,74,Momentum12_1_zscore,1.3804568328636385e-05,baseline
2021-03-31,74,Beta_zscore,0.001851284144612073,baseline
2021-03-31,74,IVOL_zscore,0.002941474216279615,baseline
2021-03-31,74,ShortInterestRatio_zscore,0.0007158042670222563,baseline
2021-04-30,75,GrossProfitability_zscore,0.0008686208838991993,baseline
2021-04-30,75,Beta_zscore,0.0017744000508538057,baseline
2021-04-30,75,IVOL_zscore,0.002319815039377853,baseline
2021-04-30,75,ShortInterestRatio_zscore,0.0006905627807669765,baseline
2021-05-28,76,EarningsYield_zscore,0.00015711695378623543,baseline
2021-05-28,76,GrossProfitability_zscore,0.0018581381777234723,baseline
2021-05-28,76,AssetGrowth_zscore,-0.00019211258978765953,baseline
2021-05-28,76,Accruals_zscore,0.0010134463290390368,baseline
2021-05-28,76,Momentum12_1_zscore,0.00025403992773004444,baseline
2021-05-28,76,NetDebtEBITDA_zscore,-0.00030760318804005005,baseline
2021-05-28,76,SUE_zscore,-0.0005395113138082629,baseline
2021-05-28,76,AnalystRevision_zscore,0.0006344277336126923,baseline
2021-05-28,76,AnalystDispersion_zscore,-0.0003838229720492741,baseline
2021-05-28,76,RevisionBreadth_zscore,0.0006481014607350723,baseline
2021-05-28,76,Beta_zscore,0.0026493355336322023,baseline
2021-05-28,76,IVOL_zscore,0.00286704135824974,baseline
2021-05-28,76,ShortInterestRatio_zscore,0.001371313429196793,baseline
2021-05-28,76,InstOwnershipChg_zscore,-0.0003530326871123594,baseline
2021-06-30,77,EarningsYield_zscore,6.115514386243464e-05,baseline
2021-06-30,77,GrossProfitability_zscore,0.0017128372733446235,baseline
2021-06-30,77,AssetGrowth_zscore,-0.00023125704620151585,baseline
2021-06-30,77,Accruals_zscore,0.001029955222352706,baseline
2021-06-30,77,Momentum12_1_zscore,0.000281380533542004,baseline
2021-06-30,77,NetDebtEBITDA_zscore,-0.00034584338658747945,baseline
2021-06-30,77,SUE_zscore,-0.000545940147444451,baseline
2021-06-30,77,AnalystRevision_zscore,0.000585506911683856,baseline
2021-06-30,77,AnalystDispersion_zscore,-0.00036139234923703375,baseline
2021-06-30,77,RevisionBreadth_zscore,0.0007502802258077117,baseline
2021-06-30,77,Beta_zscore,0.0028612732899047392,baseline
2021-06-30,77,IVOL_zscore,0.002751261966263346,baseline
2021-06-30,77,ShortInterestRatio_zscore,0.0012917955123806942,baseline
2021-06-30,77,InstOwnershipChg_zscore,-0.000283812522922867,baseline
2021-07-30,78,GrossProfitability_zscore,0.0009889654707561856,baseline
2021-07-30,78,Beta_zscore,0.0016979693640846259,baseline
2021-07-30,78,IVOL_zscore,0.002571134970187457,baseline
2021-07-30,78,ShortInterestRatio_zscore,0.0003831326082212175,baseline
2021-08-31,79,GrossProfitability_zscore,0.0009652000156700416,baseline
2021-08-31,79,Beta_zscore,0.0011522215267745638,baseline
2021-08-31,79,IVOL_zscore,0.0023194707804636366,baseline
2021-08-31,79,ShortInterestRatio_zscore,0.00015816354972901175,baseline
2021-09-30,80,GrossProfitability_zscore,0.0009340784133677898,baseline
2021-09-30,80,Beta_zscore,0.0011706073371250325,baseline
2021-09-30,80,IVOL_zscore,0.002333026318529072,baseline
2021-09-30,80,ShortInterestRatio_zscore,0.00014572708199516864,baseline
2021-10-29,81,GrossProfitability_zscore,0.0003206244774396016,baseline
2021-10-29,81,Beta_zscore,0.0011571522260332525,baseline
2021-10-29,81,IVOL_zscore,0.0021512053384142955,baseline
2021-11-30,82,GrossProfitability_zscore,0.0004061175577955191,baseline
2021-11-30,82,Beta_zscore,0.0012422378520893325,baseline
2021-11-30,82,IVOL_zscore,0.002152593386581485,baseline
2021-12-31,83,GrossProfitability_zscore,0.0006160397642532928,baseline
2021-12-31,83,Beta_zscore,0.001170223069369094,baseline
2021-12-31,83,IVOL_zscore,0.002110823032702081,baseline
2022-01-31,84,GrossProfitability_zscore,0.0005974929908434814,baseline
2022-01-31,84,Beta_zscore,0.0009411805677972092,baseline
2022-01-31,84,IVOL_zscore,0.0018380164022604745,baseline
2022-02-28,85,Beta_zscore,0.0006010633482275666,baseline
2022-02-28,85,IVOL_zscore,0.0012407157516576889,baseline
2022-03-31,86,Beta_zscore,0.0006619392003447952,baseline
2022-03-31,86,IVOL_zscore,0.001293476935345874,baseline
2022-04-29,87,GrossProfitability_zscore,0.0003331200410373097,baseline
2022-04-29,87,Beta_zscore,0.0012493728890322529,baseline
2022-04-29,87,IVOL_zscore,0.0020352293878209567,baseline
2022-04-29,87,ShortInterestRatio_zscore,0.00014607845026449483,baseline
2022-05-31,88,EarningsYield_zscore,-0.00025059166168400206,baseline
2022-05-31,88,GrossProfitability_zscore,0.0011105704966199743,baseline
2022-05-31,88,AssetGrowth_zscore,-0.0008501949412600033,baseline
2022-05-31,88,Accruals_zscore,0.00034515052045524494,baseline
2022-05-31,88,Momentum12_1_zscore,0.00028526952496182753,baseline
2022-05-31,88,NetDebtEBITDA_zscore,-0.00026429956462730255,baseline
2022-05-31,88,SUE_zscore,-0.00047968048031887844,baseline
2022-05-31,88,AnalystRevision_zscore,0.0007346370190781473,baseline
2022-05-31,88,AnalystDispersion_zscore,-0.0005126533347633038,baseline
2022-05-31,88,RevisionBreadth_zscore,0.0007400044596290621,baseline
2022-05-31,88,Beta_zscore,0.0015707636469217748,baseline
2022-05-31,88,IVOL_zscore,0.002484747908124331,baseline
2022-05-31,88,ShortInterestRatio_zscore,0.000988246533895114,baseline
2022-05-31,88,InstOwnershipChg_zscore,-0.0005228441537621839,baseline
2022-06-30,89,EarningsYield_zscore,-0.00016355891916243327,baseline
2022-06-30,89,GrossProfitability_zscore,0.0008143505101925507,baseline
2022-06-30,89,AssetGrowth_zscore,-0.001002097371812925,baseline
2022-06-30,89,Accruals_zscore,0.0002639164571546417,baseline
2022-06-30,89,Momentum12_1_zscore,0.0004738360548312084,baseline
2022-06-30,89,NetDebtEBITDA_zscore,-0.00026444544279521985,baseline
2022-06-30,89,SUE_zscore,-0.0004569804852153015,baseline
2022-06-30,89,AnalystRevision_zscore,0.0007689106775017701,baseline
2022-06-30,89,AnalystDispersion_zscore,-0.000714086769835363,baseline
2022-06-30,89,RevisionBreadth_zscore,0.0007157382612428376,baseline
2022-06-30,89,Beta_zscore,0.0013681918989609106,baseline
2022-06-30,89,IVOL_zscore,0.002680679546754379,baseline
2022-06-30,89,ShortInterestRatio_zscore,0.0010221182562048404,baseline
2022-06-30,89,InstOwnershipChg_zscore,-0.0005238839544474677,baseline
2022-07-29,90,EarningsYield_zscore,-0.0003798961953664273,baseline
2022-07-29,90,GrossProfitability_zscore,0.000946968595220341,baseline
2022-07-29,90,AssetGrowth_zscore,-0.0010878736310485331,baseline
2022-07-29,90,Accruals_zscore,0.000284416951750802,baseline
2022-07-29,90,Momentum12_1_zscore,0.0004650325709308311,baseline
2022-07-29,90,NetDebtEBITDA_zscore,-0.00021183206609701454,baseline
2022-07-29,90,SUE_zscore,-0.00034255656070288597,baseline
2022-07-29,90,AnalystRevision_zscore,0.0006564000826157809,baseline
2022-07-29,90,AnalystDispersion_zscore,-0.0007933136105588732,baseline
2022-07-29,90,RevisionBreadth_zscore,0.0005306649450802133,baseline
2022-07-29,90,Beta_zscore,0.001034033041088746,baseline
2022-07-29,90,IVOL_zscore,0.0024673595779631154,baseline
2022-07-29,90,ShortInterestRatio_zscore,0.000929564901473116,baseline
2022-07-29,90,InstOwnershipChg_zscore,-0.0004709720490595711,baseline
2022-08-31,91,EarningsYield_zscore,-0.0003687504200389001,baseline
2022-08-31,91,GrossProfitability_zscore,0.0011340995101930265,baseline
2022-08-31,91,AssetGrowth_zscore,-0.000894551888170477,baseline
2022-08-31,91,Accruals_zscore,0.00040884453986710816,baseline
2022-08-31,91,Momentum12_1_zscore,0.0002881905712691374,baseline
2022-08-31,91,NetDebtEBITDA_zscore,-0.00028390784095528795,baseline
2022-08-31,91,SUE_zscore,-0.0003102388720940953,baseline
2022-08-31,91,AnalystRevision_zscore,0.0006538056130735882,baseline
2022-08-31,91,AnalystDispersion_zscore,-0.0007162999936501174,baseline
2022-08-31,91,RevisionBreadth_zscore,0.0005162560554627082,baseline
2022-08-31,91,Beta_zscore,0.0015805740585716304,baseline
2022-08-31,91,IVOL_zscore,0.002412039841870358,baseline
2022-08-31,91,ShortInterestRatio_zscore,0.0010486389060112645,baseline
2022-08-31,91,InstOwnershipChg_zscore,-0.0004586360838135224,baseline
2022-09-30,92,EarningsYield_zscore,-0.00032925029839406847,baseline
2022-09-30,92,GrossProfitability_zscore,0.0008729385024576727,baseline
2022-09-30,92,AssetGrowth_zscore,-0.0010199627618274053,baseline
2022-09-30,92,Accruals_zscore,0.0003952355839154786,baseline
2022-09-30,92,Momentum12_1_zscore,0.000501886666241733,baseline
2022-09-30,92,NetDebtEBITDA_zscore,-0.00034281805650789005,baseline
2022-09-30,92,SUE_zscore,-0.00032979203301793184,baseline
2022-09-30,92,AnalystRevision_zscore,0.0006803807733298511,baseline
2022-09-30,92,AnalystDispersion_zscore,-0.0005571615024003229,baseline
2022-09-30,92,RevisionBreadth_zscore,0.0005588745549608276,baseline
2022-09-30,92,Beta_zscore,0.0013611869142089402,baseline
2022-09-30,92,IVOL_zscore,0.002640675845846331,baseline
2022-09-30,92,ShortInterestRatio_zscore,0.0010374731382007812,baseline
2022-09-30,92,InstOwnershipChg_zscore,-0.0004596142364290284,baseline
2022-10-31,93,EarningsYield_zscore,-0.0004045942499118914,baseline
2022-10-31,93,GrossProfitability_zscore,0.0008848415767935389,baseline
2022-10-31,93,AssetGrowth_zscore,-0.0010634419904441796,baseline
2022-10-31,93,Accruals_zscore,0.00036648638871608353,baseline
2022-10-31,93,Momentum12_1_zscore,0.0005728613790535009,baseline
2022-10-31,93,NetDebtEBITDA_zscore,-0.00038495958591643856,baseline
2022-10-31,93,SUE_zscore,-0.0002532695723170295,baseline
2022-10-31,93,AnalystRevision_zscore,0.0006425460223175696,baseline
2022-10-31,93,AnalystDispersion_zscore,-0.0005294734143646374,baseline
2022-10-31,93,RevisionBreadth_zscore,0.0005900582881778391,baseline
2022-10-31,93,Beta_zscore,0.0012651982400713178,baseline
2022-10-31,93,IVOL_zscore,0.0025608329320210323,baseline
2022-10-31,93,ShortInterestRatio_zscore,0.0009055742889604708,baseline
2022-10-31,93,InstOwnershipChg_zscore,-0.0004169578604230388,baseline
2022-11-30,94,EarningsYield_zscore,-0.00019532164422254405,baseline
2022-11-30,94,GrossProfitability_zscore,0.0007169399674166914,baseline
2022-11-30,94,AssetGrowth_zscore,-0.0011533545041009766,baseline
2022-11-30,94,Accruals_zscore,0.0002610559209333383,baseline
2022-11-30,94,Momentum12_1_zscore,0.0009173132690774838,baseline
2022-11-30,94,NetDebtEBITDA_zscore,-0.00038233778570415404,baseline
2022-11-30,94,SUE_zscore,-0.00026691218587415977,baseline
2022-11-30,94,AnalystRevision_zscore,0.0006996476792892519,baseline
2022-11-30,94,AnalystDispersion_zscore,-0.0005507403715121121,baseline
2022-11-30,94,RevisionBreadth_zscore,0.0005296974658557683,baseline
2022-11-30,94,Beta_zscore,0.001077350159392431,baseline
2022-11-30,94,IVOL_zscore,0.0025399646900718855,baseline
2022-11-30,94,ShortInterestRatio_zscore,0.0007455926214192482,baseline
2022-11-30,94,InstOwnershipChg_zscore,-0.0004184009895588165,baseline
2022-12-30,95,EarningsYield_zscore,-0.00016415103732792097,baseline
2022-12-30,95,GrossProfitability_zscore,0.0008833814503394951,baseline
2022-12-30,95,AssetGrowth_zscore,-0.0013065102756545774,baseline
2022-12-30,95,Accruals_zscore,0.0004149277682579415,baseline
2022-12-30,95,Momentum12_1_zscore,0.0008494901410563546,baseline
2022-12-30,95,NetDebtEBITDA_zscore,-0.00036786245499766205,baseline
2022-12-30,95,SUE_zscore,-0.0002755546654687213,baseline
2022-12-30,95,AnalystRevision_zscore,0.000707915323134938,baseline
2022-12-30,95,AnalystDispersion_zscore,-0.0006459339925764535,baseline
2022-12-30,95,RevisionBreadth_zscore,0.0004337225098574503,baseline
2022-12-30,95,Beta_zscore,0.0011412501330093745,baseline
2022-12-30,95,IVOL_zscore,0.002471943723993207,baseline
2022-12-30,95,ShortInterestRatio_zscore,0.0005626547954241677,baseline
2022-12-30,95,InstOwnershipChg_zscore,-0.00033904771054945086,baseline
2023-01-31,96,EarningsYield_zscore,-0.0002128641138895331,baseline
2023-01-31,96,GrossProfitability_zscore,0.000854584076478497,baseline
2023-01-31,96,AssetGrowth_zscore,-0.0014342313683634884,baseline
2023-01-31,96,Accruals_zscore,0.0004698984092580189,baseline
2023-01-31,96,Momentum12_1_zscore,0.0009651662980564115,baseline
2023-01-31,96,NetDebtEBITDA_zscore,-0.00031741530657936176,baseline
2023-01-31,96,SUE_zscore,-0.0002455794816642314,baseline
2023-01-31,96,AnalystRevision_zscore,0.0007200988207731005,baseline
2023-01-31,96,AnalystDispersion_zscore,-0.0006587113347458801,baseline
2023-01-31,96,RevisionBreadth_zscore,0.0004030389261945803,baseline
2023-01-31,96,Beta_zscore,0.0008719113453627017,baseline
2023-01-31,96,IVOL_zscore,0.0024185428535071405,baseline
2023-01-31,96,ShortInterestRatio_zscore,0.00039480623397717123,baseline
2023-01-31,96,InstOwnershipChg_zscore,-0.0002571021783514457,baseline
2023-02-28,97,EarningsYield_zscore,-0.00010112331082649523,baseline
2023-02-28,97,GrossProfitability_zscore,0.0009637589813659394,baseline
2023-02-28,97,AssetGrowth_zscore,-0.001228754231393709,baseline
2023-02-28,97,Accruals_zscore,0.0005120066300656601,baseline
2023-02-28,97,Momentum12_1_zscore,0.00037611428040319956,baseline
2023-02-28,97,NetDebtEBITDA_zscore,-0.00048703949138461164,baseline
2023-02-28,97,SUE_zscore,-0.00020192403998751116,baseline
2023-02-28,97,AnalystRevision_zscore,0.0006080301435539062,baseline
2023-02-28,97,AnalystDispersion_zscore,-0.0007220927725623481,baseline
2023-02-28,97,RevisionBreadth_zscore,0.00042370964838017093,baseline
2023-02-28,97,Beta_zscore,0.0015212286128910217,baseline
2023-02-28,97,IVOL_zscore,0.0027209564401776245,baseline
2023-02-28,97,ShortInterestRatio_zscore,0.00020449220368814718,baseline
2023-02-28,97,InstOwnershipChg_zscore,-0.0002435667288781447,baseline
2023-03-31,98,EarningsYield_zscore,-9.872706006908988e-05,baseline
2023-03-31,98,GrossProfitability_zscore,0.0009650486676460314,baseline
2023-03-31,98,AssetGrowth_zscore,-0.001186093116120286,baseline
2023-03-31,98,Accruals_zscore,0.00047243628669631574,baseline
2023-03-31,98,Momentum12_1_zscore,0.00034273207068898813,baseline
2023-03-31,98,NetDebtEBITDA_zscore,-0.0005018077844804431,baseline
2023-03-31,98,SUE_zscore,-0.0001982484479991276,baseline
2023-03-31,98,AnalystRevision_zscore,0.0006803206668448952,baseline
2023-03-31,98,AnalystDispersion_zscore,-0.0007793382745764981,baseline
2023-03-31,98,RevisionBreadth_zscore,0.00042274478571232156,baseline
2023-03-31,98,Beta_zscore,0.0016551047193816347,baseline
2023-03-31,98,IVOL_zscore,0.0026565574021832424,baseline
2023-03-31,98,ShortInterestRatio_zscore,0.00019116704251237172,baseline
2023-03-31,98,InstOwnershipChg_zscore,-0.00024078312584355018,baseline
2023-04-28,99,EarningsYield_zscore,-0.0003077586524819433,baseline
2023-04-28,99,GrossProfitability_zscore,0.001361373482421696,baseline
2023-04-28,99,AssetGrowth_zscore,-0.001125716329244949,baseline
2023-04-28,99,Accruals_zscore,0.0005374873601462587,baseline
2023-04-28,99,Momentum12_1_zscore,0.0002604930714577502,baseline
2023-04-28,99,NetDebtEBITDA_zscore,-0.00033820867386394256,baseline
2023-04-28,99,SUE_zscore,-0.0002517532430681434,baseline
2023-04-28,99,AnalystRevision_zscore,0.0006021754508806588,baseline
2023-04-28,99,AnalystDispersion_zscore,-0.0007135151547758348,baseline
2023-04-28,99,RevisionBreadth_zscore,0.00048649727389955664,baseline
2023-04-28,99,Beta_zscore,0.0017435825202457933,baseline
2023-04-28,99,IVOL_zscore,0.0026435540328169065,baseline
2023-04-28,99,ShortInterestRatio_zscore,0.00010631353529854545,baseline
2023-04-28,99,InstOwnershipChg_zscore,-0.0002314308646505898,baseline
2023-05-31,100,EarningsYield_zscore,-0.000316552598524703,baseline
2023-05-31,100,GrossProfitability_zscore,0.001363583999640918,baseline
2023-05-31,100,AssetGrowth_zscore,-0.001157856264781831,baseline
2023-05-31,100,Accruals_zscore,0.000542582779497544,baseline
2023-05-31,100,Momentum12_1_zscore,0.00031088347766040095,baseline
2023-05-31,100,NetDebtEBITDA_zscore,-0.0003024551642844507,baseline
2023-05-31,100,SUE_zscore,-0.00026236737620250676,baseline
2023-05-31,100,AnalystRevision_zscore,0.0005853758977556746,baseline
2023-05-31,100,AnalystDispersion_zscore,-0.0007123044643555462,baseline
2023-05-31,100,RevisionBreadth_zscore,0.0003923333690719542,baseline
2023-05-31,100,Beta_zscore,0.0015252600275743957,baseline
2023-05-31,100,IVOL_zscore,0.00255450028711422,baseline
2023-05-31,100,ShortInterestRatio_zscore,-7.674738772331544e-05,baseline
2023-05-31,100,InstOwnershipChg_zscore,-0.00022629521601492868,baseline
2023-06-30,101,Beta_zscore,0.000598304178668768,baseline
2023-06-30,101,IVOL_zscore,0.0015434750188794138,baseline
2023-07-31,102,GrossProfitability_zscore,0.00026236190674240785,baseline
2023-07-31,102,Beta_zscore,0.00114346216143715,baseline
2023-07-31,102,IVOL_zscore,0.0016508504063158982,baseline
2023-08-31,103,GrossProfitability_zscore,0.0001683021089867872,baseline
2023-08-31,103,Beta_zscore,0.0013874883853035745,baseline
2023-08-31,103,IVOL_zscore,0.0018169526060384388,baseline
2023-09-29,104,GrossProfitability_zscore,0.00021519077733541357,baseline
2023-09-29,104,Beta_zscore,0.0013046448420316274,baseline
2023-09-29,104,IVOL_zscore,0.0017795095172239565,baseline
2023-10-31,105,GrossProfitability_zscore,0.00015507697611331396,baseline
2023-10-31,105,Beta_zscore,0.0011711971502615102,baseline
2023-10-31,105,IVOL_zscore,0.0017261155469247755,baseline
2023-11-30,106,GrossProfitability_zscore,8.670247462972383e-05,baseline
2023-11-30,106,Beta_zscore,0.0008359665918693095,baseline
2023-11-30,106,IVOL_zscore,0.001650947840454346,baseline
2023-12-29,107,GrossProfitability_zscore,0.00037854600773299236,baseline
2023-12-29,107,Beta_zscore,0.00141631428117853,baseline
2023-12-29,107,IVOL_zscore,0.001797393081771638,baseline
2024-01-31,108,GrossProfitability_zscore,0.0003981728919258796,baseline
2024-01-31,108,Beta_zscore,0.0017962771797438012,baseline
2024-01-31,108,IVOL_zscore,0.0017458823837036262,baseline
2024-02-29,109,GrossProfitability_zscore,0.00013618452428510133,baseline
2024-02-29,109,Beta_zscore,0.001340915935011259,baseline
2024-02-29,109,IVOL_zscore,0.0015553678288358964,baseline
2024-03-28,110,GrossProfitability_zscore,0.00046261105549286056,baseline
2024-03-28,110,Momentum12_1_zscore,6.883283981966204e-05,baseline
2024-03-28,110,Beta_zscore,0.001778443212938224,baseline
2024-03-28,110,IVOL_zscore,0.0019280754083826938,baseline
2024-04-30,111,GrossProfitability_zscore,0.0003284740181005243,baseline
2024-04-30,111,Momentum12_1_zscore,8.870253644179701e-05,baseline
2024-04-30,111,Beta_zscore,0.001858090112038393,baseline
2024-04-30,111,IVOL_zscore,0.0019342017196346912,baseline
2024-05-31,112,GrossProfitability_zscore,0.00020460685463534088,baseline
2024-05-31,112,Beta_zscore,0.0017299151909409595,baseline
2024-05-31,112,IVOL_zscore,0.0019035198623838826,baseline
2024-06-28,113,GrossProfitability_zscore,0.00011077953159678407,baseline
2024-06-28,113,Momentum12_1_zscore,6.137281392455577e-05,baseline
2024-06-28,113,Beta_zscore,0.0017317610182368394,baseline
2024-06-28,113,IVOL_zscore,0.00195950025962183,baseline
2024-07-31,114,GrossProfitability_zscore,0.0004297061844890083,baseline
2024-07-31,114,Momentum12_1_zscore,0.0003698845128176014,baseline
2024-07-31,114,NetDebtEBITDA_zscore,-7.038665746731086e-05,baseline
2024-07-31,114,Beta_zscore,0.001851886897738407,baseline
2024-07-31,114,IVOL_zscore,0.002086954476328286,baseline
2024-08-30,115,GrossProfitability_zscore,0.00026318262868660315,baseline
2024-08-30,115,Momentum12_1_zscore,0.0002546081967545334,baseline
2024-08-30,115,NetDebtEBITDA_zscore,-3.1002354160633206e-05,baseline
2024-08-30,115,Beta_zscore,0.001971100665424617,baseline
2024-08-30,115,IVOL_zscore,0.0018950757467518858,baseline
2024-09-30,116,GrossProfitability_zscore,0.00022793594767622045,baseline
2024-09-30,116,Momentum12_1_zscore,0.00028662308828325105,baseline
2024-09-30,116,NetDebtEBITDA_zscore,-0.00021023088701923746,baseline
2024-09-30,116,Beta_zscore,0.0017673591313889605,baseline
2024-09-30,116,IVOL_zscore,0.0018627910783147585,baseline
2024-10-31,117,EarningsYield_zscore,-0.0003878384814549776,baseline
2024-10-31,117,GrossProfitability_zscore,0.000977973689724575,baseline
2024-10-31,117,AssetGrowth_zscore,-0.0006369083527466882,baseline
2024-10-31,117,Accruals_zscore,0.0006416216310333472,baseline
2024-10-31,117,Momentum12_1_zscore,0.0009011521978716592,baseline
2024-10-31,117,NetDebtEBITDA_zscore,-0.0007567651163793113,baseline
2024-10-31,117,SUE_zscore,5.717749202405169e-05,baseline
2024-10-31,117,AnalystRevision_zscore,0.0004643026180328394,baseline
2024-10-31,117,AnalystDispersion_zscore,-0.0004191849380595203,baseline
2024-10-31,117,RevisionBreadth_zscore,0.0003714445836575934,baseline
2024-10-31,117,Beta_zscore,0.0025772369362397725,baseline
2024-10-31,117,IVOL_zscore,0.00245684965929045,baseline
2024-10-31,117,ShortInterestRatio_zscore,6.117688673010029e-05,baseline
2024-10-31,117,InstOwnershipChg_zscore,-0.0002871401076434224,baseline
2024-11-29,118,GrossProfitability_zscore,0.00012234869883660806,baseline
2024-11-29,118,Momentum12_1_zscore,0.0004956526156248607,baseline
2024-11-29,118,NetDebtEBITDA_zscore,-0.0002387888409339751,baseline
2024-11-29,118,Beta_zscore,0.0018873710220384302,baseline
2024-11-29,118,IVOL_zscore,0.0018170544832333154,baseline
2020-02-28,61,IVOL_zscore,0.00017740553197230822,baseline+ixn
2020-02-28,61,IVOL_x_Beta,0.0011189691421604946,baseline+ixn
2020-03-31,62,GrossProfitability_zscore,0.0004290539576533013,baseline+ixn
2020-03-31,62,IVOL_zscore,0.0005824110246988461,baseline+ixn
2020-03-31,62,IVOL_x_Beta,0.0014586635250833499,baseline+ixn
2020-04-30,63,GrossProfitability_zscore,0.0012893630225490167,baseline+ixn
2020-04-30,63,IVOL_zscore,0.0002922374324032028,baseline+ixn
2020-04-30,63,ShortInterestRatio_zscore,0.00025765766522112564,baseline+ixn
2020-04-30,63,IVOL_x_Beta,0.0017332669213801154,baseline+ixn
2020-04-30,63,Beta_x_GP,2.0858547653785947e-05,baseline+ixn
2020-05-29,64,GrossProfitability_zscore,0.0013389930281660373,baseline+ixn
2020-05-29,64,IVOL_zscore,0.0008233148759792847,baseline+ixn
2020-05-29,64,ShortInterestRatio_zscore,0.0004029493711221107,baseline+ixn
2020-05-29,64,IVOL_x_Beta,0.002395227379748711,baseline+ixn
2020-06-30,65,GrossProfitability_zscore,0.0016666162904654719,baseline+ixn
2020-06-30,65,IVOL_zscore,0.0007912499709318964,baseline+ixn
2020-06-30,65,ShortInterestRatio_zscore,0.0005610474412593312,baseline+ixn
2020-06-30,65,IVOL_x_GP,-0.0003640704361148353,baseline+ixn
2020-06-30,65,IVOL_x_Beta,0.002177700797995923,baseline+ixn
2020-07-31,66,GrossProfitability_zscore,0.0017044088833870778,baseline+ixn
2020-07-31,66,IVOL_zscore,0.0009964642787702908,baseline+ixn
2020-07-31,66,ShortInterestRatio_zscore,0.0004640537464958504,baseline+ixn
2020-07-31,66,IVOL_x_GP,-0.0004803877021902253,baseline+ixn
2020-07-31,66,IVOL_x_Beta,0.002323636775189783,baseline+ixn
2020-08-31,67,GrossProfitability_zscore,0.0020817438516047533,baseline+ixn
2020-08-31,67,Accruals_zscore,3.742025341709737e-06,baseline+ixn
2020-08-31,67,Momentum12_1_zscore,8.98725782753392e-05,baseline+ixn
2020-08-31,67,AnalystRevision_zscore,5.5627245941734075e-05,baseline+ixn
2020-08-31,67,IVOL_zscore,0.001145175855978378,baseline+ixn
2020-08-31,67,ShortInterestRatio_zscore,0.0007020613331949238,baseline+ixn
2020-08-31,67,IVOL_x_GP,-0.0010287276691724717,baseline+ixn
2020-08-31,67,IVOL_x_Beta,0.002318635637685634,baseline+ixn
2020-08-31,67,Beta_x_GP,9.008827965391737e-05,baseline+ixn
2020-09-30,68,GrossProfitability_zscore,0.002906273292439254,baseline+ixn
2020-09-30,68,AssetGrowth_zscore,7.12468661597348e-06,baseline+ixn
2020-09-30,68,Accruals_zscore,0.0008604890639812,baseline+ixn
2020-09-30,68,Momentum12_1_zscore,0.000487845939712456,baseline+ixn
2020-09-30,68,NetDebtEBITDA_zscore,-0.0005305519505277205,baseline+ixn
2020-09-30,68,AnalystRevision_zscore,0.00045427444136743854,baseline+ixn
2020-09-30,68,AnalystDispersion_zscore,-0.0005500848306437201,baseline+ixn
2020-09-30,68,RevisionBreadth_zscore,0.0001389867102738933,baseline+ixn
2020-09-30,68,IVOL_zscore,0.0015328636267635037,baseline+ixn
2020-09-30,68,ShortInterestRatio_zscore,0.0012803431429705282,baseline+ixn
2020-09-30,68,InstOwnershipChg_zscore,-0.0002073890025956653,baseline+ixn
2020-09-30,68,IVOL_x_GP,-0.0022351438868922014,baseline+ixn
2020-09-30,68,IVOL_x_Beta,0.0030773370637526883,baseline+ixn
2020-09-30,68,Beta_x_GP,0.0009993897060787762,baseline+ixn
2020-10-30,69,GrossProfitability_zscore,0.0022231342896254732,baseline+ixn
2020-10-30,69,Accruals_zscore,4.8043492755202283e-05,baseline+ixn
2020-10-30,69,Momentum12_1_zscore,0.0002099782518077374,baseline+ixn
2020-10-30,69,NetDebtEBITDA_zscore,-2.9733668367945504e-05,baseline+ixn
2020-10-30,69,IVOL_zscore,0.0010034870795658313,baseline+ixn
2020-10-30,69,ShortInterestRatio_zscore,0.0007967825167652766,baseline+ixn
2020-10-30,69,IVOL_x_GP,-0.0008065488527144121,baseline+ixn
2020-10-30,69,IVOL_x_Beta,0.0022571624086572682,baseline+ixn
2020-10-30,69,Beta_x_GP,0.00019058780881526876,baseline+ixn
2020-11-30,70,GrossProfitability_zscore,0.0017237877490965004,baseline+ixn
2020-11-30,70,IVOL_zscore,0.0008950283882769575,baseline+ixn
2020-11-30,70,ShortInterestRatio_zscore,0.0006231064884414587,baseline+ixn
2020-11-30,70,IVOL_x_GP,-0.00021161455307699772,baseline+ixn
2020-11-30,70,IVOL_x_Beta,0.0018950073882621561,baseline+ixn
2020-12-31,71,GrossProfitability_zscore,0.0013208764705505381,baseline+ixn
2020-12-31,71,Beta_zscore,4.015790495209268e-05,baseline+ixn
2020-12-31,71,IVOL_zscore,0.0017803461747287251,baseline+ixn
2020-12-31,71,ShortInterestRatio_zscore,0.00044440605056126004,baseline+ixn
2020-12-31,71,IVOL_x_GP,-0.0007089098739593566,baseline+ixn
2020-12-31,71,IVOL_x_Beta,0.0017516530599715838,baseline+ixn
2021-01-29,72,GrossProfitability_zscore,0.0012575918677539073,baseline+ixn
2021-01-29,72,Beta_zscore,0.00028545978175750975,baseline+ixn
2021-01-29,72,IVOL_zscore,0.001861227276891779,baseline+ixn
2021-01-29,72,ShortInterestRatio_zscore,0.00038092546113275205,baseline+ixn
2021-01-29,72,IVOL_x_GP,-0.0006300385187240782,baseline+ixn
2021-01-29,72,IVOL_x_Beta,0.0017000898640720243,baseline+ixn
2021-02-26,73,GrossProfitability_zscore,0.0010521040783000154,baseline+ixn
2021-02-26,73,Beta_zscore,0.00012008159078154759,baseline+ixn
2021-02-26,73,IVOL_zscore,0.0024120050484106284,baseline+ixn
2021-02-26,73,ShortInterestRatio_zscore,0.00040857155540176287,baseline+ixn
2021-02-26,73,IVOL_x_GP,-0.0008123946932369563,baseline+ixn
2021-02-26,73,IVOL_x_Beta,0.0013399514354053986,baseline+ixn
2021-03-31,74,EarningsYield_zscore,0.0009740885913836847,baseline+ixn
2021-03-31,74,GrossProfitability_zscore,0.002415298126097014,baseline+ixn
2021-03-31,74,AssetGrowth_zscore,-0.00012879251135752625,baseline+ixn
2021-03-31,74,Accruals_zscore,0.000813119943299122,baseline+ixn
2021-03-31,74,Momentum12_1_zscore,0.0005343666171146854,baseline+ixn
2021-03-31,74,NetDebtEBITDA_zscore,-0.0004696117867326832,baseline+ixn
2021-03-31,74,SUE_zscore,-0.0006342584456473435,baseline+ixn
2021-03-31,74,AnalystRevision_zscore,0.0007738874273502213,baseline+ixn
2021-03-31,74,AnalystDispersion_zscore,-0.00051684797382656,baseline+ixn
2021-03-31,74,RevisionBreadth_zscore,0.0005643466977581177,baseline+ixn
2021-03-31,74,Beta_zscore,0.002443730997455782,baseline+ixn
2021-03-31,74,IVOL_zscore,0.002595960950942819,baseline+ixn
2021-03-31,74,ShortInterestRatio_zscore,0.001250467345630634,baseline+ixn
2021-03-31,74,InstOwnershipChg_zscore,-0.0004675246256976706,baseline+ixn
2021-03-31,74,IVOL_x_GP,-0.003323863053082346,baseline+ixn
2021-03-31,74,IVOL_x_Beta,0.002721175491812231,baseline+ixn
2021-03-31,74,GP_x_ShortInt,-6.581749320520505e-05,baseline+ixn
2021-03-31,74,Mom_x_IVOL,-7.41242978998038e-05,baseline+ixn
2021-03-31,74,Beta_x_GP,0.0016753689396775133,baseline+ixn
2021-04-30,75,GrossProfitability_zscore,0.001066391096364966,baseline+ixn
2021-04-30,75,Beta_zscore,0.001460667520610007,baseline+ixn
2021-04-30,75,IVOL_zscore,0.0016868656648538097,baseline+ixn
2021-04-30,75,ShortInterestRatio_zscore,0.0006235118312825442,baseline+ixn
2021-04-30,75,IVOL_x_GP,-0.0011075001763284963,baseline+ixn
2021-04-30,75,IVOL_x_Beta,0.001797450649605278,baseline+ixn
2021-05-28,76,GrossProfitability_zscore,0.0007660013981085121,baseline+ixn
2021-05-28,76,Beta_zscore,0.0012934470863389539,baseline+ixn
2021-05-28,76,IVOL_zscore,0.0015477700013692265,baseline+ixn
2021-05-28,76,ShortInterestRatio_zscore,0.00034372260804126656,baseline+ixn
2021-05-28,76,IVOL_x_GP,-0.0008563582897444472,baseline+ixn
2021-05-28,76,IVOL_x_Beta,0.001537875624674474,baseline+ixn
2021-06-30,77,EarningsYield_zscore,0.0009902575700417352,baseline+ixn
2021-06-30,77,GrossProfitability_zscore,0.0021647931940208132,baseline+ixn
2021-06-30,77,AssetGrowth_zscore,-0.00021304601154495091,baseline+ixn
2021-06-30,77,Accruals_zscore,0.0008150868682124348,baseline+ixn
2021-06-30,77,Momentum12_1_zscore,0.0002840086530138245,baseline+ixn
2021-06-30,77,NetDebtEBITDA_zscore,-0.000564782620466762,baseline+ixn
2021-06-30,77,SUE_zscore,-0.00048777577711592914,baseline+ixn
2021-06-30,77,AnalystRevision_zscore,0.0006763043267605523,baseline+ixn
2021-06-30,77,AnalystDispersion_zscore,-0.0005787426297832366,baseline+ixn
2021-06-30,77,RevisionBreadth_zscore,0.0007450575955595669,baseline+ixn
2021-06-30,77,Beta_zscore,0.002637617316820254,baseline+ixn
2021-06-30,77,IVOL_zscore,0.001865906731043476,baseline+ixn
2021-06-30,77,ShortInterestRatio_zscore,0.0012347876960990822,baseline+ixn
2021-06-30,77,InstOwnershipChg_zscore,-0.0002924427651937957,baseline+ixn
2021-06-30,77,IVOL_x_GP,-0.0030968808258427486,baseline+ixn
2021-06-30,77,IVOL_x_Beta,0.0028153830096037166,baseline+ixn
2021-06-30,77,GP_x_ShortInt,-0.00010519343298355311,baseline+ixn
2021-06-30,77,Mom_x_IVOL,-9.0894692232506e-06,baseline+ixn
2021-06-30,77,Beta_x_GP,0.0012369283549727589,baseline+ixn
2021-07-30,78,GrossProfitability_zscore,0.0011973394049452691,baseline+ixn
2021-07-30,78,Beta_zscore,0.00138916069932515,baseline+ixn
2021-07-30,78,IVOL_zscore,0.0019796506519267156,baseline+ixn
2021-07-30,78,ShortInterestRatio_zscore,0.00032623444662976687,baseline+ixn
2021-07-30,78,IVOL_x_GP,-0.0013019830014392394,baseline+ixn
2021-07-30,78,IVOL_x_Beta,0.0016902989652973007,baseline+ixn
2021-08-31,79,GrossProfitability_zscore,0.0014202995057901006,baseline+ixn
2021-08-31,79,Beta_zscore,0.0010727202811508581,baseline+ixn
2021-08-31,79,IVOL_zscore,0.0018606722541318708,baseline+ixn
2021-08-31,79,ShortInterestRatio_zscore,0.00029290111071277763,baseline+ixn
2021-08-31,79,IVOL_x_GP,-0.0011940628147429383,baseline+ixn
2021-08-31,79,IVOL_x_Beta,0.0016469006144192865,baseline+ixn
2021-09-30,80,GrossProfitability_zscore,0.0013862810605750698,baseline+ixn
2021-09-30,80,Beta_zscore,0.0011004010966240922,baseline+ixn
2021-09-30,80,IVOL_zscore,0.0019078604887941425,baseline+ixn
2021-09-30,80,ShortInterestRatio_zscore,0.0002825986072962082,baseline+ixn
2021-09-30,80,IVOL_x_GP,-0.0011790888289129762,baseline+ixn
2021-09-30,80,IVOL_x_Beta,0.001570862221298241,baseline+ixn
2021-10-29,81,GrossProfitability_zscore,0.001119586608879531,baseline+ixn
2021-10-29,81,Beta_zscore,0.0013719115652960539,baseline+ixn
2021-10-29,81,IVOL_zscore,0.001901809650665155,baseline+ixn
2021-10-29,81,ShortInterestRatio_zscore,0.0002381446017183427,baseline+ixn
2021-10-29,81,IVOL_x_GP,-0.0011657875220722211,baseline+ixn
2021-10-29,81,IVOL_x_Beta,0.0015827529477762357,baseline+ixn
2021-11-30,82,GrossProfitability_zscore,0.0008967012154348937,baseline+ixn
2021-11-30,82,Beta_zscore,0.0012940396263686302,baseline+ixn
2021-11-30,82,IVOL_zscore,0.0018769883173845538,baseline+ixn
2021-11-30,82,IVOL_x_GP,-0.0007290158096780404,baseline+ixn
2021-11-30,82,IVOL_x_Beta,0.0013351973437783931,baseline+ixn
2021-12-31,83,GrossProfitability_zscore,0.0011033640517022739,baseline+ixn
2021-12-31,83,Beta_zscore,0.0012333912120231318,baseline+ixn
2021-12-31,83,IVOL_zscore,0.001848367076632038,baseline+ixn
2021-12-31,83,IVOL_x_GP,-0.0006945569433982525,baseline+ixn
2021-12-31,83,IVOL_x_Beta,0.0012891148121937585,baseline+ixn
2022-01-31,84,GrossProfitability_zscore,0.0010910294888221875,baseline+ixn
2022-01-31,84,Beta_zscore,0.0009874293055613709,baseline+ixn
2022-01-31,84,IVOL_zscore,0.0015213881534704556,baseline+ixn
2022-01-31,84,IVOL_x_GP,-0.0006848095581071449,baseline+ixn
2022-01-31,84,IVOL_x_Beta,0.001423085790612338,baseline+ixn
2022-02-28,85,GrossProfitability_zscore,0.0005034720119150815,baseline+ixn
2022-02-28,85,Beta_zscore,0.000997874093924674,baseline+ixn
2022-02-28,85,IVOL_zscore,0.0012985023344296157,baseline+ixn
2022-02-28,85,IVOL_x_GP,-0.0005789125362906008,baseline+ixn
2022-02-28,85,IVOL_x_Beta,0.0012317169194313068,baseline+ixn
2022-03-31,86,GrossProfitability_zscore,0.0006026665703507779,baseline+ixn
2022-03-31,86,Beta_zscore,0.0012270375926030496,baseline+ixn
2022-03-31,86,IVOL_zscore,0.0014392325688604606,baseline+ixn
2022-03-31,86,ShortInterestRatio_zscore,0.00014516770780119878,baseline+ixn
2022-03-31,86,IVOL_x_GP,-0.0008165706465661239,baseline+ixn
2022-03-31,86,IVOL_x_Beta,0.001394526574982198,baseline+ixn
2022-04-29,87,GrossProfitability_zscore,0.0004925528150451436,baseline+ixn
2022-04-29,87,Beta_zscore,0.0009932992555500024,baseline+ixn
2022-04-29,87,IVOL_zscore,0.0014928254601227786,baseline+ixn
2022-04-29,87,ShortInterestRatio_zscore,9.317384723258492e-05,baseline+ixn
2022-04-29,87,IVOL_x_GP,-0.0008230200070853436,baseline+ixn
2022-04-29,87,IVOL_x_Beta,0.0014958694541712654,baseline+ixn
2022-05-31,88,EarningsYield_zscore,0.000474313349788781,baseline+ixn
2022-05-31,88,GrossProfitability_zscore,0.0014122808491154912,baseline+ixn
2022-05-31,88,AssetGrowth_zscore,-0.0009116196370243502,baseline+ixn
2022-05-31,88,Accruals_zscore,0.0003017090440932713,baseline+ixn
2022-05-31,88,Momentum12_1_zscore,0.00038712072622544395,baseline+ixn
2022-05-31,88,NetDebtEBITDA_zscore,-0.00037357627355667956,baseline+ixn
2022-05-31,88,SUE_zscore,-0.0004743491523539311,baseline+ixn
2022-05-31,88,AnalystRevision_zscore,0.0007807656333304617,baseline+ixn
2022-05-31,88,AnalystDispersion_zscore,-0.0006813864702074808,baseline+ixn
2022-05-31,88,RevisionBreadth_zscore,0.0007431835826646518,baseline+ixn
2022-05-31,88,Beta_zscore,0.0012685015981296819,baseline+ixn
2022-05-31,88,IVOL_zscore,0.00187374395513094,baseline+ixn
2022-05-31,88,ShortInterestRatio_zscore,0.0010209816129222668,baseline+ixn
2022-05-31,88,InstOwnershipChg_zscore,-0.0005302563907024208,baseline+ixn
2022-05-31,88,IVOL_x_GP,-0.0021789636600725725,baseline+ixn
2022-05-31,88,IVOL_x_Beta,0.002061509541990238,baseline+ixn
2022-05-31,88,GP_x_ShortInt,-0.00026902333500582724,baseline+ixn
2022-05-31,88,Mom_x_IVOL,-0.00012075563538168686,baseline+ixn
2022-05-31,88,Beta_x_GP,0.0002706964568901618,baseline+ixn
2022-06-30,89,EarningsYield_zscore,0.0005423044949256965,baseline+ixn
2022-06-30,89,GrossProfitability_zscore,0.0011115818555146794,baseline+ixn
2022-06-30,89,AssetGrowth_zscore,-0.0010740703172139917,baseline+ixn
2022-06-30,89,Accruals_zscore,0.0002291082956732716,baseline+ixn
2022-06-30,89,Momentum12_1_zscore,0.0005499363552198424,baseline+ixn
2022-06-30,89,NetDebtEBITDA_zscore,-0.00036308408198867394,baseline+ixn
2022-06-30,89,SUE_zscore,-0.00045488703252274796,baseline+ixn
2022-06-30,89,AnalystRevision_zscore,0.0008127105332219127,baseline+ixn
2022-06-30,89,AnalystDispersion_zscore,-0.0008814193177406718,baseline+ixn
2022-06-30,89,RevisionBreadth_zscore,0.0007217699237043459,baseline+ixn
2022-06-30,89,Beta_zscore,0.0010811392297553177,baseline+ixn
2022-06-30,89,IVOL_zscore,0.0021155426800323353,baseline+ixn
2022-06-30,89,ShortInterestRatio_zscore,0.0010597275472375345,baseline+ixn
2022-06-30,89,InstOwnershipChg_zscore,-0.0005312031578438003,baseline+ixn
2022-06-30,89,IVOL_x_GP,-0.002200758409555188,baseline+ixn
2022-06-30,89,IVOL_x_Beta,0.0019207213670391773,baseline+ixn
2022-06-30,89,GP_x_ShortInt,-0.00025701202949886346,baseline+ixn
2022-06-30,89,Mom_x_IVOL,-8.174942571231024e-05,baseline+ixn
2022-06-30,89,Beta_x_GP,0.00024070453290982307,baseline+ixn
2022-07-29,90,EarningsYield_zscore,0.00033148270098451715,baseline+ixn
2022-07-29,90,GrossProfitability_zscore,0.001212326723144736,baseline+ixn
2022-07-29,90,AssetGrowth_zscore,-0.001161259017031741,baseline+ixn
2022-07-29,90,Accruals_zscore,0.0002434835656816083,baseline+ixn
2022-07-29,90,Momentum12_1_zscore,0.0005238352075232474,baseline+ixn
2022-07-29,90,NetDebtEBITDA_zscore,-0.0002797611787538787,baseline+ixn
2022-07-29,90,SUE_zscore,-0.0003518935722104673,baseline+ixn
2022-07-29,90,AnalystRevision_zscore,0.0006944199081840407,baseline+ixn
2022-07-29,90,AnalystDispersion_zscore,-0.0009737535687191651,baseline+ixn
2022-07-29,90,RevisionBreadth_zscore,0.0005443895950592225,baseline+ixn
2022-07-29,90,Beta_zscore,0.0007044030617150757,baseline+ixn
2022-07-29,90,IVOL_zscore,0.001988256523535309,baseline+ixn
2022-07-29,90,ShortInterestRatio_zscore,0.0010074039957294265,baseline+ixn
2022-07-29,90,InstOwnershipChg_zscore,-0.00047215399959997246,baseline+ixn
2022-07-29,90,IVOL_x_GP,-0.0020924959965182162,baseline+ixn
2022-07-29,90,IVOL_x_Beta,0.0017102472444089324,baseline+ixn
2022-07-29,90,GP_x_ShortInt,-0.00036211124472311095,baseline+ixn
2022-07-29,90,Mom_x_IVOL,-2.0829697841914964e-05,baseline+ixn
2022-07-29,90,Beta_x_GP,-8.60505580998833e-05,baseline+ixn
2022-08-31,91,EarningsYield_zscore,0.0003000646694316674,baseline+ixn
2022-08-31,91,GrossProfitability_zscore,0.0014371404757391848,baseline+ixn
2022-08-31,91,AssetGrowth_zscore,-0.0009793524333237768,baseline+ixn
2022-08-31,91,Accruals_zscore,0.00037350313077844945,baseline+ixn
2022-08-31,91,Momentum12_1_zscore,0.0003018959932258325,baseline+ixn
2022-08-31,91,NetDebtEBITDA_zscore,-0.00037389739375233465,baseline+ixn
2022-08-31,91,SUE_zscore,-0.0003069132397584425,baseline+ixn
2022-08-31,91,AnalystRevision_zscore,0.0007000803202218522,baseline+ixn
2022-08-31,91,AnalystDispersion_zscore,-0.0008688271404687558,baseline+ixn
2022-08-31,91,RevisionBreadth_zscore,0.0005287472576854221,baseline+ixn
2022-08-31,91,Beta_zscore,0.0013403358863888542,baseline+ixn
2022-08-31,91,IVOL_zscore,0.0018778699962810343,baseline+ixn
2022-08-31,91,ShortInterestRatio_zscore,0.0010616374401434072,baseline+ixn
2022-08-31,91,InstOwnershipChg_zscore,-0.0004721821809076927,baseline+ixn
2022-08-31,91,IVOL_x_GP,-0.0022010519185043124,baseline+ixn
2022-08-31,91,IVOL_x_Beta,0.001787178491971006,baseline+ixn
2022-08-31,91,GP_x_ShortInt,-0.0002100344595914325,baseline+ixn
2022-08-31,91,Mom_x_IVOL,1.0051789361853316e-05,baseline+ixn
2022-08-31,91,Beta_x_GP,0.000352384353344825,baseline+ixn
2022-09-30,92,EarningsYield_zscore,0.00036233363710949846,baseline+ixn
2022-09-30,92,GrossProfitability_zscore,0.0011372482544642687,baseline+ixn
2022-09-30,92,AssetGrowth_zscore,-0.0010954820659874916,baseline+ixn
2022-09-30,92,Accruals_zscore,0.00035454804731739674,baseline+ixn
2022-09-30,92,Momentum12_1_zscore,0.000592190692787642,baseline+ixn
2022-09-30,92,NetDebtEBITDA_zscore,-0.0004169732761578698,baseline+ixn
2022-09-30,92,SUE_zscore,-0.00033405240214389245,baseline+ixn
2022-09-30,92,AnalystRevision_zscore,0.0007230262112670878,baseline+ixn
2022-09-30,92,AnalystDispersion_zscore,-0.0007179002534213938,baseline+ixn
2022-09-30,92,RevisionBreadth_zscore,0.0005659732208974419,baseline+ixn
2022-09-30,92,Beta_zscore,0.0010467602255138629,baseline+ixn
2022-09-30,92,IVOL_zscore,0.0021131324362276293,baseline+ixn
2022-09-30,92,ShortInterestRatio_zscore,0.0010479024836696075,baseline+ixn
2022-09-30,92,InstOwnershipChg_zscore,-0.00047195164500522357,baseline+ixn
2022-09-30,92,IVOL_x_GP,-0.002119944607393739,baseline+ixn
2022-09-30,92,IVOL_x_Beta,0.001815547001965249,baseline+ixn
2022-09-30,92,GP_x_ShortInt,-0.0001348625752531594,baseline+ixn
2022-09-30,92,Mom_x_IVOL,-6.0394151688789416e-05,baseline+ixn
2022-09-30,92,Beta_x_GP,7.476974935717922e-05,baseline+ixn
2022-10-31,93,EarningsYield_zscore,0.00027258032351400283,baseline+ixn
2022-10-31,93,GrossProfitability_zscore,0.0010827982861631163,baseline+ixn
2022-10-31,93,AssetGrowth_zscore,-0.0011229613832023943,baseline+ixn
2022-10-31,93,Accruals_zscore,0.00031720361797189046,baseline+ixn
2022-10-31,93,Momentum12_1_zscore,0.0006479048120580365,baseline+ixn
2022-10-31,93,NetDebtEBITDA_zscore,-0.0004125979817608282,baseline+ixn
2022-10-31,93,SUE_zscore,-0.00026895938342202995,baseline+ixn
2022-10-31,93,AnalystRevision_zscore,0.0006702445534673488,baseline+ixn
2022-10-31,93,AnalystDispersion_zscore,-0.0007019897387293755,baseline+ixn
2022-10-31,93,RevisionBreadth_zscore,0.0006055215131725468,baseline+ixn
2022-10-31,93,Beta_zscore,0.000867564517556547,baseline+ixn
2022-10-31,93,IVOL_zscore,0.002142272632608116,baseline+ixn
2022-10-31,93,ShortInterestRatio_zscore,0.0009549087237922468,baseline+ixn
2022-10-31,93,InstOwnershipChg_zscore,-0.0004229529509946623,baseline+ixn
2022-10-31,93,IVOL_x_GP,-0.0018213734515801483,baseline+ixn
2022-10-31,93,IVOL_x_Beta,0.0015551310645331618,baseline+ixn
2022-10-31,93,GP_x_ShortInt,-0.000245948920667056,baseline+ixn
2022-10-31,93,Mom_x_IVOL,3.110165675900248e-05,baseline+ixn
2022-10-31,93,Beta_x_GP,-0.0005069488643780599,baseline+ixn
2022-11-30,94,EarningsYield_zscore,0.00038502735861502594,baseline+ixn
2022-11-30,94,GrossProfitability_zscore,0.0008813077721591684,baseline+ixn
2022-11-30,94,AssetGrowth_zscore,-0.0012034028506219508,baseline+ixn
2022-11-30,94,Accruals_zscore,0.00022818996178310108,baseline+ixn
2022-11-30,94,Momentum12_1_zscore,0.0009111687474713107,baseline+ixn
2022-11-30,94,NetDebtEBITDA_zscore,-0.0003807770678848165,baseline+ixn
2022-11-30,94,SUE_zscore,-0.000295402682345058,baseline+ixn
2022-11-30,94,AnalystRevision_zscore,0.0007158897706238486,baseline+ixn
2022-11-30,94,AnalystDispersion_zscore,-0.0007076341876780743,baseline+ixn
2022-11-30,94,RevisionBreadth_zscore,0.0005581703296162455,baseline+ixn
2022-11-30,94,Beta_zscore,0.0007353742912813973,baseline+ixn
2022-11-30,94,IVOL_zscore,0.0023137835289946504,baseline+ixn
2022-11-30,94,ShortInterestRatio_zscore,0.0007949344638706092,baseline+ixn
2022-11-30,94,InstOwnershipChg_zscore,-0.00041979203184036844,baseline+ixn
2022-11-30,94,IVOL_x_GP,-0.0017167633298747736,baseline+ixn
2022-11-30,94,IVOL_x_Beta,0.0010146676209544056,baseline+ixn
2022-11-30,94,GP_x_ShortInt,-0.00017504773699154646,baseline+ixn
2022-11-30,94,Mom_x_IVOL,0.00014091283626325708,baseline+ixn
2022-11-30,94,Beta_x_GP,-0.0006415651737571836,baseline+ixn
2022-12-30,95,EarningsYield_zscore,0.000331540425837103,baseline+ixn
2022-12-30,95,GrossProfitability_zscore,0.0010687610487302955,baseline+ixn
2022-12-30,95,AssetGrowth_zscore,-0.0013656756836746972,baseline+ixn
2022-12-30,95,Accruals_zscore,0.0003958536786002778,baseline+ixn
2022-12-30,95,Momentum12_1_zscore,0.000716763492543672,baseline+ixn
2022-12-30,95,NetDebtEBITDA_zscore,-0.0003685743600405979,baseline+ixn
2022-12-30,95,SUE_zscore,-0.00030137779874917674,baseline+ixn
2022-12-30,95,AnalystRevision_zscore,0.0007255706857616455,baseline+ixn
2022-12-30,95,AnalystDispersion_zscore,-0.0007791284140969597,baseline+ixn
2022-12-30,95,RevisionBreadth_zscore,0.00047206727228900764,baseline+ixn
2022-12-30,95,Beta_zscore,0.000914915383425136,baseline+ixn
2022-12-30,95,IVOL_zscore,0.0023218669275923733,baseline+ixn
2022-12-30,95,ShortInterestRatio_zscore,0.0006056967413651058,baseline+ixn
2022-12-30,95,InstOwnershipChg_zscore,-0.0003445141872108172,baseline+ixn
2022-12-30,95,IVOL_x_GP,-0.0017533696197412543,baseline+ixn
2022-12-30,95,IVOL_x_Beta,0.0007307027116418471,baseline+ixn
2022-12-30,95,GP_x_ShortInt,-0.0001629726746304388,baseline+ixn
2022-12-30,95,Mom_x_IVOL,0.0002829884518758616,baseline+ixn
2022-12-30,95,Beta_x_GP,-0.0003433284798815649,baseline+ixn
2023-01-31,96,EarningsYield_zscore,0.00023038794054971233,baseline+ixn
2023-01-31,96,GrossProfitability_zscore,0.001010273756598912,baseline+ixn
2023-01-31,96,AssetGrowth_zscore,-0.0014809928769992293,baseline+ixn
2023-01-31,96,Accruals_zscore,0.0004593561439160508,baseline+ixn
2023-01-31,96,Momentum12_1_zscore,0.0007279031244411013,baseline+ixn
2023-01-31,96,NetDebtEBITDA_zscore,-0.00029666755205733824,baseline+ixn
2023-01-31,96,SUE_zscore,-0.0002820348305242706,baseline+ixn
2023-01-31,96,AnalystRevision_zscore,0.0007293151764842939,baseline+ixn
2023-01-31,96,AnalystDispersion_zscore,-0.0007881694219573213,baseline+ixn
2023-01-31,96,RevisionBreadth_zscore,0.00045714818831125656,baseline+ixn
2023-01-31,96,Beta_zscore,0.0006547334308098737,baseline+ixn
2023-01-31,96,IVOL_zscore,0.0024010187051218073,baseline+ixn
2023-01-31,96,ShortInterestRatio_zscore,0.00046293145001607977,baseline+ixn
2023-01-31,96,InstOwnershipChg_zscore,-0.0002589077874557993,baseline+ixn
2023-01-31,96,IVOL_x_GP,-0.0016229496474580581,baseline+ixn
2023-01-31,96,IVOL_x_Beta,0.00036656579726203147,baseline+ixn
2023-01-31,96,GP_x_ShortInt,-0.00016765451625369834,baseline+ixn
2023-01-31,96,Mom_x_IVOL,0.00045105685291596125,baseline+ixn
2023-01-31,96,Beta_x_GP,-0.0005936916618477852,baseline+ixn
2023-02-28,97,EarningsYield_zscore,0.00043273256810584483,baseline+ixn
2023-02-28,97,GrossProfitability_zscore,0.0011782951334474289,baseline+ixn
2023-02-28,97,AssetGrowth_zscore,-0.0013014849222357432,baseline+ixn
2023-02-28,97,Accruals_zscore,0.0004666521281188776,baseline+ixn
2023-02-28,97,Momentum12_1_zscore,0.00024355341464651583,baseline+ixn
2023-02-28,97,NetDebtEBITDA_zscore,-0.0004915688859134789,baseline+ixn
2023-02-28,97,SUE_zscore,-0.0002158606314798414,baseline+ixn
2023-02-28,97,AnalystRevision_zscore,0.0006346622321338368,baseline+ixn
2023-02-28,97,AnalystDispersion_zscore,-0.000849726286718321,baseline+ixn
2023-02-28,97,RevisionBreadth_zscore,0.00045951608889895204,baseline+ixn
2023-02-28,97,Beta_zscore,0.001295729491607462,baseline+ixn
2023-02-28,97,IVOL_zscore,0.0024285820506418656,baseline+ixn
2023-02-28,97,ShortInterestRatio_zscore,0.00022764642563868393,baseline+ixn
2023-02-28,97,InstOwnershipChg_zscore,-0.00025203885640776556,baseline+ixn
2023-02-28,97,IVOL_x_GP,-0.0017702490693464067,baseline+ixn
2023-02-28,97,IVOL_x_Beta,0.0010903985403782574,baseline+ixn
2023-02-28,97,GP_x_ShortInt,-0.00023039660907977103,baseline+ixn
2023-02-28,97,Mom_x_IVOL,0.00029491705704355224,baseline+ixn
2023-02-28,97,Beta_x_GP,-0.00013319898862188394,baseline+ixn
2023-03-31,98,EarningsYield_zscore,0.00040062747436616844,baseline+ixn
2023-03-31,98,GrossProfitability_zscore,0.0011750092790195456,baseline+ixn
2023-03-31,98,AssetGrowth_zscore,-0.0012556585017216763,baseline+ixn
2023-03-31,98,Accruals_zscore,0.0004283271100697049,baseline+ixn
2023-03-31,98,Momentum12_1_zscore,0.00010794016253507387,baseline+ixn
2023-03-31,98,NetDebtEBITDA_zscore,-0.0004954270937078642,baseline+ixn
2023-03-31,98,SUE_zscore,-0.00021861257068414255,baseline+ixn
2023-03-31,98,AnalystRevision_zscore,0.0007053055142970408,baseline+ixn
2023-03-31,98,AnalystDispersion_zscore,-0.0009016202746398897,baseline+ixn
2023-03-31,98,RevisionBreadth_zscore,0.0004671605207504727,baseline+ixn
2023-03-31,98,Beta_zscore,0.0014497011281236905,baseline+ixn
2023-03-31,98,IVOL_zscore,0.0024179211742251534,baseline+ixn
2023-03-31,98,ShortInterestRatio_zscore,0.00022046261947433475,baseline+ixn
2023-03-31,98,InstOwnershipChg_zscore,-0.000246838722501829,baseline+ixn
2023-03-31,98,IVOL_x_GP,-0.0017095787285263085,baseline+ixn
2023-03-31,98,IVOL_x_Beta,0.0009244440367608699,baseline+ixn
2023-03-31,98,GP_x_ShortInt,-0.0002682435784938787,baseline+ixn
2023-03-31,98,Mom_x_IVOL,0.0004626318305639363,baseline+ixn
2023-03-31,98,Beta_x_GP,-0.00021312345097588035,baseline+ixn
2023-04-28,99,EarningsYield_zscore,0.00017166178227176243,baseline+ixn
2023-04-28,99,GrossProfitability_zscore,0.0015879840623312335,baseline+ixn
2023-04-28,99,AssetGrowth_zscore,-0.0012074138819212045,baseline+ixn
2023-04-28,99,Accruals_zscore,0.0004857533938465016,baseline+ixn
2023-04-28,99,Momentum12_1_zscore,-1.1014119376854745e-05,baseline+ixn
2023-04-28,99,NetDebtEBITDA_zscore,-0.00033204302505086104,baseline+ixn
2023-04-28,99,SUE_zscore,-0.0002654776137447062,baseline+ixn
2023-04-28,99,AnalystRevision_zscore,0.0006305690039068727,baseline+ixn
2023-04-28,99,AnalystDispersion_zscore,-0.0008256719374841945,baseline+ixn
2023-04-28,99,RevisionBreadth_zscore,0.0005312866902205497,baseline+ixn
2023-04-28,99,Beta_zscore,0.0015823964565995353,baseline+ixn
2023-04-28,99,IVOL_zscore,0.002376278452454274,baseline+ixn
2023-04-28,99,ShortInterestRatio_zscore,0.00014277947011545462,baseline+ixn
2023-04-28,99,InstOwnershipChg_zscore,-0.0002357931091064005,baseline+ixn
2023-04-28,99,IVOL_x_GP,-0.0016781742823682954,baseline+ixn
2023-04-28,99,IVOL_x_Beta,0.0009577555510469792,baseline+ixn
2023-04-28,99,GP_x_ShortInt,-0.0003907536346793057,baseline+ixn
2023-04-28,99,Mom_x_IVOL,0.0005104864550839709,baseline+ixn
2023-04-28,99,Beta_x_GP,-3.1741579422339454e-05,baseline+ixn
2023-05-31,100,EarningsYield_zscore,9.515250103986769e-05,baseline+ixn
2023-05-31,100,GrossProfitability_zscore,0.001565827157336394,baseline+ixn
2023-05-31,100,AssetGrowth_zscore,-0.0012277322307557847,baseline+ixn
2023-05-31,100,Accruals_zscore,0.0005149032659658123,baseline+ixn
2023-05-31,100,Momentum12_1_zscore,-7.664659193526289e-05,baseline+ixn
2023-05-31,100,NetDebtEBITDA_zscore,-0.0002891446618905146,baseline+ixn
2023-05-31,100,SUE_zscore,-0.00028768428308526754,baseline+ixn
2023-05-31,100,AnalystRevision_zscore,0.0006064285611053303,baseline+ixn
2023-05-31,100,AnalystDispersion_zscore,-0.0008235850032506779,baseline+ixn
2023-05-31,100,RevisionBreadth_zscore,0.00045355854223653346,baseline+ixn
2023-05-31,100,Beta_zscore,0.0013971773227140652,baseline+ixn
2023-05-31,100,IVOL_zscore,0.002445634856856436,baseline+ixn
2023-05-31,100,ShortInterestRatio_zscore,8.6622358485514e-06,baseline+ixn
2023-05-31,100,InstOwnershipChg_zscore,-0.00022515330317436806,baseline+ixn
2023-05-31,100,IVOL_x_GP,-0.0015908684035600758,baseline+ixn
2023-05-31,100,IVOL_x_Beta,0.0005293533111388376,baseline+ixn
2023-05-31,100,GP_x_ShortInt,-0.0004071879198995416,baseline+ixn
2023-05-31,100,Mom_x_IVOL,0.0006718282808074847,baseline+ixn
2023-05-31,100,Beta_x_GP,-0.0001968411765761934,baseline+ixn
2023-06-30,101,Beta_zscore,0.0002936171040687991,baseline+ixn
2023-06-30,101,IVOL_zscore,0.0012387915354828717,baseline+ixn
2023-07-31,102,Beta_zscore,0.0008597375441255767,baseline+ixn
2023-07-31,102,IVOL_zscore,0.0013852418264267352,baseline+ixn
2023-07-31,102,IVOL_x_Beta,0.0001335384685796787,baseline+ixn
2023-08-31,103,Beta_zscore,0.0010519620727656401,baseline+ixn
2023-08-31,103,IVOL_zscore,0.0013820496370430602,baseline+ixn
2023-08-31,103,IVOL_x_Beta,0.0005357520437965443,baseline+ixn
2023-09-29,104,GrossProfitability_zscore,0.0002454687550796185,baseline+ixn
2023-09-29,104,Beta_zscore,0.0012040683652970291,baseline+ixn
2023-09-29,104,IVOL_zscore,0.0015062212361205882,baseline+ixn
2023-09-29,104,IVOL_x_GP,-3.523680065815678e-05,baseline+ixn
2023-09-29,104,IVOL_x_Beta,0.0006830563529400545,baseline+ixn
2023-10-31,105,Beta_zscore,0.0009054277706337614,baseline+ixn
2023-10-31,105,IVOL_zscore,0.0014688547323003951,baseline+ixn
2023-10-31,105,IVOL_x_Beta,8.663457462671687e-05,baseline+ixn
2023-11-30,106,Beta_zscore,0.0005890808495044074,baseline+ixn
2023-11-30,106,IVOL_zscore,0.0014209235271968928,baseline+ixn
2023-12-29,107,Beta_zscore,0.0009550147618268735,baseline+ixn
2023-12-29,107,IVOL_zscore,0.0014099537458782461,baseline+ixn
2024-01-31,108,GrossProfitability_zscore,0.00012442920393382755,baseline+ixn
2024-01-31,108,Beta_zscore,0.0015832912897326672,baseline+ixn
2024-01-31,108,IVOL_zscore,0.001586741081200372,baseline+ixn
2024-02-29,109,Beta_zscore,0.001089406647099115,baseline+ixn
2024-02-29,109,IVOL_zscore,0.001330985278029249,baseline+ixn
2024-03-28,110,Beta_zscore,0.0013041913507918375,baseline+ixn
2024-03-28,110,IVOL_zscore,0.001558886591670279,baseline+ixn
2024-04-30,111,GrossProfitability_zscore,0.0003728165043439615,baseline+ixn
2024-04-30,111,Beta_zscore,0.0018006218520881434,baseline+ixn
2024-04-30,111,IVOL_zscore,0.0017501026641510012,baseline+ixn
2024-04-30,111,IVOL_x_GP,-0.00018518828870277255,baseline+ixn
2024-04-30,111,IVOL_x_Beta,0.0004083906113431728,baseline+ixn
2024-04-30,111,Mom_x_IVOL,0.00031297648600971296,baseline+ixn
2024-05-31,112,GrossProfitability_zscore,0.00023431848487073708,baseline+ixn
2024-05-31,112,Momentum12_1_zscore,1.4762409902245374e-06,baseline+ixn
2024-05-31,112,Beta_zscore,0.0016678085930328034,baseline+ixn
2024-05-31,112,IVOL_zscore,0.0017763646758810724,baseline+ixn
2024-05-31,112,IVOL_x_GP,-0.000188977399826439,baseline+ixn
2024-05-31,112,IVOL_x_Beta,0.0003341224088676129,baseline+ixn
2024-06-28,113,GrossProfitability_zscore,0.00014318438426104565,baseline+ixn
2024-06-28,113,Momentum12_1_zscore,6.520281050794569e-05,baseline+ixn
2024-06-28,113,Beta_zscore,0.0016656853969699767,baseline+ixn
2024-06-28,113,IVOL_zscore,0.0018282679959366103,baseline+ixn
2024-06-28,113,IVOL_x_GP,-0.00021892695143896276,baseline+ixn
2024-06-28,113,IVOL_x_Beta,0.00034672232303890253,baseline+ixn
2024-07-31,114,GrossProfitability_zscore,0.0004945941026802479,baseline+ixn
2024-07-31,114,Momentum12_1_zscore,0.0002978338011065442,baseline+ixn
2024-07-31,114,NetDebtEBITDA_zscore,-7.592128515618817e-05,baseline+ixn
2024-07-31,114,Beta_zscore,0.0017400909318111425,baseline+ixn
2024-07-31,114,IVOL_zscore,0.0018619103418097717,baseline+ixn
2024-07-31,114,IVOL_x_GP,-0.00042140500035643447,baseline+ixn
2024-07-31,114,IVOL_x_Beta,0.000579642875876338,baseline+ixn
2024-07-31,114,Mom_x_IVOL,0.00012632529299350757,baseline+ixn
2024-08-30,115,GrossProfitability_zscore,8.72850176196366e-05,baseline+ixn
2024-08-30,115,Momentum12_1_zscore,6.45781044454615e-05,baseline+ixn
2024-08-30,115,Beta_zscore,0.0017247503478543655,baseline+ixn
2024-08-30,115,IVOL_zscore,0.001646617736099174,baseline+ixn
2024-08-30,115,IVOL_x_GP,-0.00014205794710671815,baseline+ixn
2024-08-30,115,IVOL_x_Beta,0.00038540070094262815,baseline+ixn
2024-09-30,116,GrossProfitability_zscore,6.317142696580269e-05,baseline+ixn
2024-09-30,116,Momentum12_1_zscore,0.000104353659144501,baseline+ixn
2024-09-30,116,NetDebtEBITDA_zscore,-3.9779461810782154e-05,baseline+ixn
2024-09-30,116,Beta_zscore,0.001537684940633163,baseline+ixn
2024-09-30,116,IVOL_zscore,0.0016020664654146923,baseline+ixn
2024-09-30,116,IVOL_x_GP,-8.509269385136652e-05,baseline+ixn
2024-09-30,116,IVOL_x_Beta,0.0004039404444994463,baseline+ixn
2024-10-31,117,EarningsYield_zscore,-4.0940166155611945e-05,baseline+ixn
2024-10-31,117,GrossProfitability_zscore,0.001139659887899319,baseline+ixn
2024-10-31,117,AssetGrowth_zscore,-0.0006763969934706318,baseline+ixn
2024-10-31,117,Accruals_zscore,0.0005649880622406272,baseline+ixn
2024-10-31,117,Momentum12_1_zscore,0.0005218787749033329,baseline+ixn
2024-10-31,117,NetDebtEBITDA_zscore,-0.0007687713586044814,baseline+ixn
2024-10-31,117,SUE_zscore,4.99859099442911e-05,baseline+ixn
2024-10-31,117,AnalystRevision_zscore,0.00046738187509230423,baseline+ixn
2024-10-31,117,AnalystDispersion_zscore,-0.0005320681564018748,baseline+ixn
2024-10-31,117,RevisionBreadth_zscore,0.0004185893409372518,baseline+ixn
2024-10-31,117,Beta_zscore,0.002369161158509659,baseline+ixn
2024-10-31,117,IVOL_zscore,0.0021216111354050754,baseline+ixn
2024-10-31,117,ShortInterestRatio_zscore,-5.761570160767087e-05,baseline+ixn
2024-10-31,117,InstOwnershipChg_zscore,-0.0002754525655089149,baseline+ixn
2024-10-31,117,IVOL_x_GP,-0.0012682318260104784,baseline+ixn
2024-10-31,117,IVOL_x_Beta,0.0010923795463917666,baseline+ixn
2024-10-31,117,GP_x_ShortInt,4.2272340905324346e-05,baseline+ixn
2024-10-31,117,Mom_x_IVOL,0.0006646438088058715,baseline+ixn
2024-10-31,117,Beta_x_GP,-3.2810474019439626e-05,baseline+ixn
2024-11-29,118,Momentum12_1_zscore,0.00030976040147109917,baseline+ixn
2024-11-29,118,NetDebtEBITDA_zscore,-6.332612147874779e-05,baseline+ixn
2024-11-29,118,Beta_zscore,0.0016697031158398887,baseline+ixn
2024-11-29,118,IVOL_zscore,0.001572582725585183,baseline+ixn
2024-11-29,118,IVOL_x_GP,-8.863906843460431e-05,baseline+ixn
2024-11-29,118,IVOL_x_Beta,0.0003528308231974499,baseline+ixn
2020-02-28,61,IVOL_x_Beta,0.0022791422019813436,ixn_only
2020-03-31,62,IVOL_x_Beta,0.0023623967334948435,ixn_only
2020-04-30,63,IVOL_x_Beta,0.002555950632641337,ixn_only
2020-04-30,63,Beta_x_GP,0.000636189361994521,ixn_only
2020-05-29,64,IVOL_x_Beta,0.0028300758929360975,ixn_only
2020-06-30,65,IVOL_x_GP,-0.00012606782995781937,ixn_only
2020-06-30,65,IVOL_x_Beta,0.0026003430166885995,ixn_only
2020-07-31,66,IVOL_x_GP,-0.00024167138613822447,ixn_only
2020-07-31,66,IVOL_x_Beta,0.0028296103519694915,ixn_only
2020-08-31,67,IVOL_x_GP,-0.0004095643285412747,ixn_only
2020-08-31,67,IVOL_x_Beta,0.0026198781273256474,ixn_only
2020-09-30,68,IVOL_x_GP,-0.000656946565471492,ixn_only
2020-09-30,68,IVOL_x_Beta,0.002985622312951494,ixn_only
2020-10-30,69,IVOL_x_GP,-0.00113233794868822,ixn_only
2020-10-30,69,IVOL_x_Beta,0.0032459697030092103,ixn_only
2020-10-30,69,Beta_x_GP,0.0006517519793114694,ixn_only
2020-11-30,70,IVOL_x_GP,-0.001018667341138963,ixn_only
2020-11-30,70,IVOL_x_Beta,0.003141325949129654,ixn_only
2020-11-30,70,Beta_x_GP,0.0007374163736587003,ixn_only
2020-12-31,71,IVOL_x_GP,-0.0005502998125681072,ixn_only
2020-12-31,71,IVOL_x_Beta,0.002622332348193473,ixn_only
2021-01-29,72,IVOL_x_GP,-0.0004928253920567364,ixn_only
2021-01-29,72,IVOL_x_Beta,0.0026682768327221467,ixn_only
2021-02-26,73,IVOL_x_GP,-0.0006889463810942936,ixn_only
2021-02-26,73,IVOL_x_Beta,0.0025073633267711985,ixn_only
2021-03-31,74,IVOL_x_GP,-0.0008708872022654532,ixn_only
2021-03-31,74,IVOL_x_Beta,0.002841565965009404,ixn_only
2021-04-30,75,IVOL_x_GP,-0.0007669468893579426,ixn_only
2021-04-30,75,IVOL_x_Beta,0.0027759116667222384,ixn_only
2021-05-28,76,IVOL_x_GP,-0.0008449986849573156,ixn_only
2021-05-28,76,IVOL_x_Beta,0.0026635352499859506,ixn_only
2021-06-30,77,IVOL_x_GP,-0.0008726789653263792,ixn_only
2021-06-30,77,IVOL_x_Beta,0.0026617016536566313,ixn_only
2021-07-30,78,IVOL_x_GP,-0.0016747107926270552,ixn_only
2021-07-30,78,IVOL_x_Beta,0.003431619151054733,ixn_only
2021-07-30,78,Mom_x_IVOL,7.043010805916544e-05,ixn_only
2021-08-31,79,IVOL_x_GP,-0.0013350136788297794,ixn_only
2021-08-31,79,IVOL_x_Beta,0.0030351570032332922,ixn_only
2021-09-30,80,IVOL_x_GP,-0.0013147975172544113,ixn_only
2021-09-30,80,IVOL_x_Beta,0.0029806753829233015,ixn_only
2021-10-29,81,IVOL_x_GP,-0.0013429525666416497,ixn_only
2021-10-29,81,IVOL_x_Beta,0.003070963077939495,ixn_only
2021-11-30,82,IVOL_x_GP,-0.0012169260754824498,ixn_only
2021-11-30,82,IVOL_x_Beta,0.0030418131897698157,ixn_only
2021-12-31,83,IVOL_x_GP,-0.0013354445862458267,ixn_only
2021-12-31,83,IVOL_x_Beta,0.0031325836788610026,ixn_only
2022-01-31,84,IVOL_x_GP,-0.0011365285169367923,ixn_only
2022-01-31,84,IVOL_x_Beta,0.0028688842521582356,ixn_only
2022-02-28,85,IVOL_x_GP,-0.0008703245686228592,ixn_only
2022-02-28,85,IVOL_x_Beta,0.002378887592214984,ixn_only
2022-03-31,86,IVOL_x_GP,-0.001049693638887988,ixn_only
2022-03-31,86,IVOL_x_Beta,0.0026353563808024115,ixn_only
2022-04-29,87,IVOL_x_GP,-0.0010575641640763339,ixn_only
2022-04-29,87,IVOL_x_Beta,0.002686065008219554,ixn_only
2022-05-31,88,IVOL_x_GP,-0.0007779380817961928,ixn_only
2022-05-31,88,IVOL_x_Beta,0.001989700648692439,ixn_only
2022-06-30,89,IVOL_x_GP,-0.0008079187246116768,ixn_only
2022-06-30,89,IVOL_x_Beta,0.0018746380161515329,ixn_only
2022-07-29,90,IVOL_x_GP,-0.001754756962593853,ixn_only
2022-07-29,90,IVOL_x_Beta,0.002560182101793578,ixn_only
2022-07-29,90,GP_x_ShortInt,3.802581974531719e-05,ixn_only
2022-07-29,90,Mom_x_IVOL,0.0005727884859716822,ixn_only
2022-07-29,90,Beta_x_GP,-0.0003847115966443255,ixn_only
2022-08-31,91,IVOL_x_GP,-0.001836501059286277,ixn_only
2022-08-31,91,IVOL_x_Beta,0.0028063558933599324,ixn_only
2022-08-31,91,GP_x_ShortInt,0.00022155695798187417,ixn_only
2022-08-31,91,Mom_x_IVOL,0.0004900260029017761,ixn_only
2022-08-31,91,Beta_x_GP,-0.0001035107940476516,ixn_only
2022-09-30,92,IVOL_x_GP,-0.0007976516542102287,ixn_only
2022-09-30,92,IVOL_x_Beta,0.0018236454069948897,ixn_only
2022-10-31,93,IVOL_x_GP,-0.001518213029235246,ixn_only
2022-10-31,93,IVOL_x_Beta,0.0025999926446999104,ixn_only
2022-10-31,93,GP_x_ShortInt,0.0001291929131434375,ixn_only
2022-10-31,93,Mom_x_IVOL,0.0007162448764093905,ixn_only
2022-10-31,93,Beta_x_GP,-0.0008481741434448917,ixn_only
2022-11-30,94,IVOL_x_GP,-0.0014172987408695458,ixn_only
2022-11-30,94,IVOL_x_Beta,0.0020752159386113645,ixn_only
2022-11-30,94,GP_x_ShortInt,0.0001547854819353623,ixn_only
2022-11-30,94,Mom_x_IVOL,0.0009823867275003599,ixn_only
2022-11-30,94,Beta_x_GP,-0.0009381840942547395,ixn_only
2022-12-30,95,IVOL_x_GP,-0.0014149187417010316,ixn_only
2022-12-30,95,IVOL_x_Beta,0.001792843536767263,ixn_only
2022-12-30,95,GP_x_ShortInt,0.00014816274075581744,ixn_only
2022-12-30,95,Mom_x_IVOL,0.0009983745293612866,ixn_only
2022-12-30,95,Beta_x_GP,-0.0006946923521688719,ixn_only
2023-01-31,96,IVOL_x_GP,-0.0013035637742041897,ixn_only
2023-01-31,96,IVOL_x_Beta,0.0013801631074704642,ixn_only
2023-01-31,96,GP_x_ShortInt,0.00010457278727509672,ixn_only
2023-01-31,96,Mom_x_IVOL,0.0011652371326646104,ixn_only
2023-01-31,96,Beta_x_GP,-0.000890687637803407,ixn_only
2023-02-28,97,IVOL_x_GP,-0.0013699580172343202,ixn_only
2023-02-28,97,IVOL_x_Beta,0.0022516169169067317,ixn_only
2023-02-28,97,GP_x_ShortInt,2.371236772630353e-05,ixn_only
2023-02-28,97,Mom_x_IVOL,0.00074385382539966,ixn_only
2023-02-28,97,Beta_x_GP,-0.0005734547162755539,ixn_only
2023-03-31,98,IVOL_x_GP,-0.0013148038202406061,ixn_only
2023-03-31,98,IVOL_x_Beta,0.0021647921685168403,ixn_only
2023-03-31,98,GP_x_ShortInt,-1.0155601555823497e-05,ixn_only
2023-03-31,98,Mom_x_IVOL,0.0008485882310548445,ixn_only
2023-03-31,98,Beta_x_GP,-0.0006811756259259025,ixn_only
2023-04-28,99,IVOL_x_GP,-0.0012814019386437163,ixn_only
2023-04-28,99,IVOL_x_Beta,0.00227905425348011,ixn_only
2023-04-28,99,GP_x_ShortInt,-0.00013087565134016973,ixn_only
2023-04-28,99,Mom_x_IVOL,0.0008336865085949262,ixn_only
2023-04-28,99,Beta_x_GP,-0.0005522499248098577,ixn_only
2023-05-31,100,IVOL_x_GP,-0.0012122881982398709,ixn_only
2023-05-31,100,IVOL_x_Beta,0.0018323751347124894,ixn_only
2023-05-31,100,GP_x_ShortInt,-0.00018237431034820507,ixn_only
2023-05-31,100,Mom_x_IVOL,0.000957578374220029,ixn_only
2023-05-31,100,Beta_x_GP,-0.0006793023795332325,ixn_only
2023-06-30,101,IVOL_x_Beta,0.0010562206471239016,ixn_only
2023-07-31,102,IVOL_x_Beta,0.0010673730810316806,ixn_only
2023-08-31,103,IVOL_x_GP,-7.395699000522292e-05,ixn_only
2023-08-31,103,IVOL_x_Beta,0.0018839406978407986,ixn_only
2023-09-29,104,IVOL_x_GP,-5.116424709112347e-05,ixn_only
2023-09-29,104,IVOL_x_Beta,0.0017804534847356685,ixn_only
2023-10-31,105,IVOL_x_GP,-2.1010054566061173e-05,ixn_only
2023-10-31,105,IVOL_x_Beta,0.0014223373179644918,ixn_only
2023-11-30,106,IVOL_x_Beta,0.0006881391283908168,ixn_only
2023-12-29,107,IVOL_x_Beta,0.0011109406404163466,ixn_only
2024-01-31,108,IVOL_x_Beta,0.001246960827011984,ixn_only
2024-02-29,109,IVOL_x_Beta,0.0010485090915632615,ixn_only
2024-03-28,110,IVOL_x_GP,-0.0002974457672444648,ixn_only
2024-03-28,110,IVOL_x_Beta,0.002022644634416332,ixn_only
2024-03-28,110,Mom_x_IVOL,0.0006119060426652908,ixn_only
2024-03-28,110,Beta_x_GP,-0.00010210471416977412,ixn_only
2024-04-30,111,IVOL_x_GP,-0.000146207194598359,ixn_only
2024-04-30,111,IVOL_x_Beta,0.0018472895916346365,ixn_only
2024-04-30,111,Mom_x_IVOL,0.0005395819518907308,ixn_only
2024-04-30,111,Beta_x_GP,-4.3284495127101605e-05,ixn_only
2024-05-31,112,IVOL_x_GP,-0.00034333628815531094,ixn_only
2024-05-31,112,IVOL_x_Beta,0.0019618607744572064,ixn_only
2024-05-31,112,Mom_x_IVOL,0.00043217726713509405,ixn_only
2024-05-31,112,Beta_x_GP,-8.658870021035167e-05,ixn_only
2024-06-28,113,IVOL_x_GP,-0.0005697482660289795,ixn_only
2024-06-28,113,IVOL_x_Beta,0.0022887863783374305,ixn_only
2024-06-28,113,Mom_x_IVOL,0.0007595329152230038,ixn_only
2024-06-28,113,Beta_x_GP,-0.0003552683552852305,ixn_only
2024-07-31,114,IVOL_x_GP,-0.0005873994822201683,ixn_only
2024-07-31,114,IVOL_x_Beta,0.0024346377392547823,ixn_only
2024-07-31,114,Mom_x_IVOL,0.0009725925004930389,ixn_only
2024-07-31,114,Beta_x_GP,-0.0004891719235427432,ixn_only
2024-08-30,115,IVOL_x_GP,-0.0004979844630283757,ixn_only
2024-08-30,115,IVOL_x_Beta,0.0022446333632201864,ixn_only
2024-08-30,115,Mom_x_IVOL,0.000730350934145369,ixn_only
2024-08-30,115,Beta_x_GP,-0.0003913600019023485,ixn_only
2024-09-30,116,IVOL_x_GP,-0.0005284722064094402,ixn_only
2024-09-30,116,IVOL_x_Beta,0.002281011591651011,ixn_only
2024-09-30,116,Mom_x_IVOL,0.000807567172165841,ixn_only
2024-09-30,116,Beta_x_GP,-0.00041584696174808703,ixn_only
2024-10-31,117,IVOL_x_GP,-0.0009117901628579067,ixn_only
2024-10-31,117,IVOL_x_Beta,0.002690487548165506,ixn_only
2024-10-31,117,GP_x_ShortInt,0.00021524476392100985,ixn_only
2024-10-31,117,Mom_x_IVOL,0.0012949233731803567,ixn_only
2024-10-31,117,Beta_x_GP,-0.0006212303915994094,ixn_only
2024-11-29,118,IVOL_x_GP,-0.000527545756587285,ixn_only
2024-11-29,118,IVOL_x_Beta,0.002261851642461587,ixn_only
2024-11-29,118,Mom_x_IVOL,0.0009411777622436463,ixn_only
2024-11-29,118,Beta_x_GP,-0.00042846406412527685,ixn_only
