,EarningsYield,GrossProfitability,AssetGrowth,Accruals,Momentum12_1,NetDebtEBITDA,SUE,AnalystRevision,AnalystDispersion,RevisionBreadth,Beta,IVOL,ShortInterestRatio,InstOwnershipChg
2015-01-30,0.0860204081632653,0.04163265306122448,0.061326530612244884,-0.060816326530612246,0.11316326530612243,-0.2290816326530612,-0.17744098651598897,0.05878750887935292,0.14581632653061224,0.29467295599392984,0.30510204081632647,0.21673469387755098,,
2015-02-27,-0.4714285714285714,0.2157142857142857,-0.11255102040816324,-0.23224489795918365,0.16255102040816324,0.3698979591836734,0.13447449872836995,0.304955871042262,-0.18785714285714283,0.24274596649031158,-0.12112244897959182,-0.27153061224489794,,
2015-03-31,0.2450556835637481,0.12317588325652842,-0.14285714285714288,-0.19407642089093702,-0.2082373271889401,-0.11429531490015361,-0.0369757344597576,-0.25136835493327087,0.10940294036493671,-0.24446743025902423,0.1923963133640553,0.19978878648233486,0.035618279569892476,-0.16459968077021522
2015-04-30,-0.16413021394760297,0.11942660816562509,0.17632780624308078,0.10838007739591578,0.33158766406409423,-0.1976686429256152,-0.008011299213207842,0.1446824012299177,-0.1609491634132855,0.1414153717562045,0.04502534502784358,-0.0008993699385598262,0.004741342943015026,0.018160640655253933
2015-05-29,-0.047669153083372245,0.07987652413644233,0.07770429690605453,0.21724597225993172,0.1481108493697098,-0.11611636010193789,0.13624479404329395,0.12041493651386874,0.00540253076573484,0.12323615652063154,0.08761701483000418,-0.11835563508622594,,
2015-06-30,-0.09295874408380271,0.04904113955270926,0.06915507458646748,-0.04358520969459678,0.24452642451081352,-0.0039392835550564045,0.07867484087391842,0.041362075664826456,-0.1888810336299645,0.005652091417384097,-0.3288680109179335,-0.11354180105384938,-0.025956647011355763,-0.0894859500963432
2015-07-31,-0.002233803326753631,-0.019536954294806265,-0.01885359384343063,-0.0001422631135555791,0.03245474404811835,0.07854179479428405,-0.007946218919094349,-0.030811440623985414,0.0019388598182425564,0.04620192927382342,-0.17121612603117212,0.04420817631529875,0.010417546433631525,0.041505806886022595
2015-08-31,0.021681763269188217,0.08623787769916298,-0.04641711379534039,-0.016330438725160358,0.19994545289253365,-0.05255062941847376,0.0008113208952021404,0.10987185148330136,-0.21318576215330115,0.06718148029874209,-0.41703288781494086,-0.18310778368749825,-0.04383440555834742,-0.11608876885031186
2015-09-30,0.01717865675004911,0.0824409972206614,-0.16108927440253631,-0.1491629273766808,-0.19003013131108684,-0.09837975130128,0.11882675427063988,-0.005280205489021351,0.19932660604831617,-0.06481589860626692,0.3065131996374138,0.08990374290824521,0.04025404283821335,-0.09854552922930017
2015-10-30,-0.11225007293389593,0.007795288229935055,0.06223666709384717,0.08764062463779292,0.11961849988835753,-0.15065091586162732,-0.004602924535218695,0.036192015043269236,0.00830195958001468,0.025762890279054297,0.1907786732318134,0.042652003199907244,,
2015-11-30,-0.0919013436407147,0.07432228648189632,-0.0647345709509682,-0.05725698379945848,0.1510126560479137,0.053390209064596884,0.09498429926804748,0.15548563213330077,-0.17042104988443615,0.158124478963008,-0.4162780497125114,-0.10893188522661966,-0.09928496847212513,0.10387775820100029
2015-12-31,0.016778233085013385,0.08019607273290949,-0.12072218401085918,-0.026012036041388978,0.02106384856659783,0.12737731192205387,-0.039536848462763556,0.04188497931638985,-0.18298623881940387,0.028521322727932136,-0.534402290185127,-0.1897400975918285,0.02162827886482539,-0.18962836935156938
2016-01-29,0.13008289174989823,0.04675919198573182,0.019519225697841872,0.027375589719744024,-0.22376835492916097,0.04629914869387127,-0.023678282746030514,-0.10839363353907785,-0.031549218336082055,0.008013092518921006,-0.13804313352789577,-0.006774175510400255,,
2016-02-29,0.09150060869087923,-0.1056306328124754,0.07250816162438165,0.013819704792996745,-0.1841520620166583,0.08479252305867485,-0.13177574087757143,-0.08371862078874935,0.1168629746409316,-0.10955733001178837,0.2731729464176014,0.09515178522415058,0.08622367317766827,0.05324202958147584
2016-03-31,0.09965879403099845,-0.20559781439598943,-0.037845828333340735,0.10487749785949214,-0.3252093593785962,0.06385173042861018,0.09862460862876231,0.03522547391834963,0.14232169101549208,-0.12880795613401616,0.2854379490979389,0.16703092144448436,-0.11394140278520913,-0.023835036357233157
2016-04-29,-0.1319360890723042,0.045049368005571584,0.14910902939907064,0.01402400104193248,0.05043569050931938,-0.13432295383529153,-0.019910959233042026,0.056314908065231706,0.011516925484549089,0.009438623449049431,0.07910968598870065,0.06829177982074067,,
2016-05-31,-0.21985684620102613,0.05609315592575824,-0.06965131370110642,-0.20086691818469324,0.37234102809938846,0.20023358525594065,0.05222544421735701,0.15192424344397146,-0.2632668698872402,0.07049645667698534,-0.5292660062815023,-0.20802121840265295,0.05849891266124753,0.05695653846605875
2016-06-30,0.03796979618642187,0.1318951908358308,0.026153413311298054,-0.05092797161023944,-0.26149303325539364,-0.1063202186835626,0.036647910251519686,0.005808224220665073,0.19630225688669814,-0.014434445456845189,0.4300087837766198,0.20401433790520665,0.03835721171007724,0.0037977878257844004
2016-07-29,0.1602013049083296,-0.10225958673455,-0.045778217658084604,0.1253807501449128,-0.3576926327373669,-0.19099914631253012,0.03647865915901279,-0.08512102983409457,0.2537319440131767,-0.24433188983185794,0.4456222561498559,0.1694119949544683,,
2016-08-31,-0.09783649326425047,-0.06009162005467718,0.09182398526626213,-0.13129313808555934,-0.04946919808187117,-0.04345875684240494,-0.10780313847386952,0.02897609009731132,0.13634223926734307,0.07294251677934732,0.22825180037087245,0.19948632454039206,0.11527173860450507,-0.05317719176584927
2016-09-30,0.23733002670490091,-0.25484977552169424,-0.07424554084149,0.06434040189743677,-0.09511696181822488,0.07129852977741652,0.008195602485173323,-0.09634170551871775,0.12323921944918788,0.023039531913245162,0.030496867771290917,0.056059087472759006,-0.14623737255634975,0.07125273241877492
2016-10-31,0.23665244773385224,-0.1462639511841764,-0.1462571700125837,0.08901708532328481,-0.18496453796888532,-0.1128939134141268,-0.02595963326180974,-0.07520442678638803,0.199249010943225,-0.06709678120262051,0.40232251910420347,0.09696612535695391,0.02107405147016889,-0.01406047001857103
2016-11-30,0.16512088188468677,-0.22596885326743552,-0.10064182165319867,0.07102003960556853,-0.003545225034376545,0.1799983072718184,0.077704996742312,0.04136939920117021,-0.003662763467553389,0.017817257647718403,-0.14222582910458256,0.0292715971302437,-0.15730089046099952,-0.03525937839007917
2016-12-30,-0.10487038813058229,0.14935412031520695,0.19367112178876655,-0.07609906107682897,-0.08208771436579719,-0.04631863110749475,-0.009858169254832036,-0.0532874164039854,0.038059094261544864,0.020140306132934552,0.10531493726958494,0.15032329775496409,,
2017-01-31,0.09727860267386042,0.05621570025368653,-0.02442072242192925,0.1508070213546121,-0.08101909196320632,-0.06113538669014252,0.06054900680277254,0.09551501892176073,-0.120187787414237,0.03964198942778103,-0.0744763777862146,-0.026244427127938827,-0.141655560703627,
2017-02-28,-0.2379299471769353,0.20716096175617976,0.09260019776172129,-0.11266787546967742,0.022597066835805858,-0.07435608511641095,-0.1182461818308049,0.11714683885809452,0.028558764968474436,0.07267496990265157,-0.005724122114315839,0.09289474111023002,0.07415083093775057,
2017-03-31,-0.14448939801309724,0.15900306140637321,0.08175329549509311,0.011709263707846062,0.06341828514556393,-0.024619591590446264,0.09203426342857866,0.021573043443493162,-0.10660038079123964,-0.0029832057158537943,-0.05669552323426187,-0.023851392202727535,0.01131176643178961,-0.06331683870274157
2017-04-28,-0.19454256227096384,0.16999663363550432,0.19521399088423758,-0.04485488126649103,0.047327428217387835,-0.05422428840120934,-0.01430503277522676,-0.024160509174701573,-0.1327073310324901,0.1017309600738765,-0.15198197286317577,-0.07648460417118969,,
2017-05-31,0.15280833145569142,-0.16156951937638026,0.056113217493903966,0.1864538319374811,-0.06574022340789186,-0.1197022743782258,0.049358932861204435,-0.01659138742829057,0.1445735343983729,-0.01751760391122359,0.3310908513780689,0.12105133834484395,-0.0388439180432295,0.04078121843486699
2017-06-30,-0.11098009376262738,-0.10443306982549494,-0.001067916975211652,-0.08016673308877467,0.13233488630104234,-0.0633737281489439,-0.055366041615711,0.044061927636749,0.23581719486802155,0.00018736037663399783,0.1067196759470764,0.08717691095578566,0.03203446690408225,0.02851882918093626
2017-07-31,-0.11263260053042719,0.12657334948228996,0.26133255585076554,-0.10872524277405364,0.13149061093393993,0.043247538110586466,-0.040897436168376704,0.06603728106223182,-0.08936996801087964,0.15401227034198586,-0.1263467706497051,-0.12459754000575382,0.015908672854179056,0.05685460435345356
2017-08-31,0.13002256347931102,-0.028238550789722136,-0.014142770675647029,0.10148357511350926,0.08344338737034657,-0.09537652922906499,0.06728513230170984,0.0026766894823065986,0.15121473681284203,0.06084941203604771,0.35878329688450367,0.1899913841737415,0.047366068994654405,-0.010996974630003408
2017-09-29,-0.12000619848192795,0.0487603943917625,0.13550218970665476,0.01972158446917969,0.29627922859653383,-0.030416241304210327,0.004471543124860671,0.24901237513248015,-0.0836611152748073,0.11488122686491954,0.09634132575105117,-0.08886267147949718,,
2017-10-31,0.21176462859056996,0.09629771543624756,-0.07336995538574896,0.03375278459111238,-0.14834696902730674,-0.1015709349431755,0.055346954363662194,-1.3566505149553442e-05,-0.05651591774541572,-0.017902305342619544,-0.10713269590009468,-0.014003108363897999,0.05683312883942684,
2017-11-30,0.1351473897913131,0.003406548121306956,-0.05656864134064676,-0.0461381076026135,-0.1114695067424715,0.0033015372594114977,-0.051253403968965626,0.00017995570317255472,0.20258999125573418,-0.012920943821601626,0.27151252410825955,0.129979499039909,0.032394215309612215,
2017-12-29,-0.2044128086124601,0.21220406354948065,0.05696812766692917,-0.07921219900544528,0.1726143328276362,-0.14177843894943018,0.010064548961289287,0.14254654080722928,-0.014575187292732958,0.04981636474485582,0.2458450508041716,0.25172873204205787,,
2018-01-31,-0.09221553739017223,0.09609447544319459,0.15293629337512943,-0.030537241993796784,0.2535687003628982,-0.09634349211872872,-0.048317246698232626,0.11341108910104332,-0.05569286236099067,0.017414763254162312,0.10697608030586514,0.06513216586545145,0.09099154095651488,
2018-02-28,-0.18397085744260008,0.056053497414951504,0.021184120893626986,-0.22543013392116937,-0.07677625967047386,0.11577483805922843,-0.11926854485222915,-0.16325677093075053,-0.027487589527126356,-0.05063944776168821,-0.2080819981917865,0.04241671178091081,0.23917923162758692,
2018-03-29,-0.14369099820502884,-0.1361333647410903,-0.09538278564119115,-0.10104301426443525,-0.07967362849480603,-0.030818523474217777,0.07024062458790409,-0.03969680986961227,0.06117624552488239,-0.03004811047062569,-0.06686777360888388,0.04280191752938409,,
2018-04-30,-0.1990105625911304,0.22540187483792884,0.18009023776829064,-0.1998990686886756,0.27504684377680055,-0.0732029438816737,-0.09678641084789974,0.07020119700967067,0.08211749784476985,0.029490496775889125,0.34144132715054015,0.18011457412496842,0.18021426320992978,
2018-05-31,-0.05815123858246923,0.20376375447915154,0.03202773074838773,-0.08788084101144608,-0.2132805012238831,0.06492202150406322,-0.16440034464955236,-0.0666942562207373,-0.09014286821951926,-0.13744311847158547,-0.3009454055262436,-0.05957328620306696,0.08252599926014768,
2018-06-29,0.15483601242410067,0.007614395827475119,-0.030844738568763692,0.1380733915504331,-0.19882205772260347,-0.04701753575010103,0.010545678370937067,-0.15007097165213765,-0.14654519692106716,-0.06851148578366655,-0.02631793039463761,-0.15525285403738456,,
2018-07-31,-0.22346821605485173,0.3133224514172334,0.23100331208328473,-0.17451900782030652,0.35804343032813396,-0.16417480169590792,-0.056061013210376445,0.07278411429115408,-0.06914647468778641,0.1798444692651542,0.06523501353528698,-0.049554748294358617,0.06431379856306942,
2018-08-31,-0.14879365800857638,0.11664559603189109,-0.008027436765625555,-0.09103490072662339,0.05114466856847703,0.001336913158425252,0.04714371341561053,0.13013312557316245,-0.11112621111406847,0.15351347809544963,-0.1284193751443236,-0.026073555903951086,0.006888877760786102,
2018-09-28,0.20046517182005066,-0.1795525218635142,-0.20409820636382203,0.07340387694543934,-0.2574089939708443,0.1954013371699631,-0.04694637806071492,-0.08892606804008373,-0.09356393675388563,-0.062262897739022396,-0.5186028410046684,-0.2797310251936002,,
2018-10-31,-0.012759167021651646,0.05092859394401808,0.06415670336598193,0.07623077970214436,-0.10838803552741545,-0.0032426383548299948,0.05062888556197594,-0.07219836386339902,-0.2054825413282156,-0.03765611544573844,-0.07084922570156359,-0.1345007549144498,0.08577060021004111,
2018-11-30,-0.16785958211270982,0.06386017296358074,0.01908544872565947,-0.13520366943866052,0.1298838184435249,0.03935865972998999,-0.02537327634132661,0.02669433260366347,0.0067674699403509975,0.02814540394316321,-0.19596989762573389,-0.09483937166420202,0.01943695979697421,
2018-12-31,0.02468325263982903,-0.00421911897350811,0.130166221585903,-0.03525724628485248,-0.20470841191788622,-0.01667638576683403,0.00574304010392396,-0.09756362649568388,0.14258578803955446,-0.08621570869930535,0.4047134427393864,0.27181261533150197,-0.0076819134940745715,-0.1629943054867696
2019-01-31,-0.188252710734731,0.11880299812854726,0.03152501700815497,-0.10430616337498488,0.1422793519679697,-0.14699546874029681,-0.06902831098485056,-0.008048084446875438,-0.14630494125175433,0.04431317151513613,0.18506605820987887,0.01353865580626061,0.13642384514574502,-0.06714660321144386
2019-02-28,-0.13774162247415028,0.2344414246315879,0.15471615664662564,-0.041923623566133716,0.19419782136081248,0.034850034582568606,-0.02562167110984399,-0.07225635606167027,-0.23169560682157053,-0.0411525834087462,-0.12466882043068536,-0.011238075560595256,0.12614612936276465,0.06576224214566304
2019-03-29,0.1655577734095032,-0.09449291827569019,0.0012340142057287856,0.19015622822142034,-0.19664491427848993,-0.1471049116395262,-0.022715056633618422,-0.002601103024237304,0.13529081037112436,-0.12195490103998077,0.16347727779162044,0.0024051144032548972,,
2019-04-30,-0.1542127323158186,-0.03577953385416843,0.02896959611524251,0.11276077906351328,0.3613257644976797,0.14831272833055958,0.04627782702916949,0.16908810550204825,-0.27466396073267,0.11840800128803819,-0.44482231391267685,-0.2727808769461711,-0.04604635536483647,
2019-05-31,0.05763550145498043,0.10516508661977421,-0.06554933667942162,-0.023106435528034295,-0.17908869030654578,-0.12019317294073271,0.030736515681354517,-0.04293672055223079,0.12968986657045764,-0.04525859113352769,0.45993899827464607,0.17873268399648098,0.05157047648940166,
2019-06-28,0.029231400687714706,0.034133515353112126,0.05549539895175155,-0.06185781817197289,-0.030679765448040436,-0.08208381123989175,-0.07183312563747571,-0.1057478788331213,-0.06514240050365075,0.058338753465684866,0.07136448456577267,0.024406317829535316,,
2019-07-31,-0.21318898385271529,0.10366878010749832,0.06200338963432038,0.03108662408480033,0.3639780326674456,0.1088426053903133,-0.049621633048350766,0.10592637821551242,-0.23153542129684268,0.207911290715135,-0.39080060849702236,-0.24874316217615675,0.013128392462761323,
2019-08-30,0.3666142372564327,-0.19594322164442285,-0.17161953736448235,0.0066769477136200866,-0.4742050733965833,0.08116716195856785,-0.1173614089814275,-0.2378906276690885,0.1296326463418589,-0.2734259092214913,0.07816438266304025,0.05234065754416135,,
2019-09-30,0.13041517894172652,0.1497448073265356,0.01425272057684818,0.10655762463926666,-0.2012166877492482,-0.1107819563796735,0.06408421447739965,-0.05785608509234074,0.02854728015178936,-0.05920462761497591,0.28391625357148803,0.1677548017225672,0.016559214828209944,0.0036550708597695675
2019-10-31,0.0638338368377451,0.08952054346172099,0.07143547355532143,0.056493563351868926,-0.2332706983744806,-0.21690465644998175,0.06779226615017842,0.08778841296048773,0.014197371656853187,-0.03259961037616904,0.36017343872000074,0.23050168422013217,-0.04545047305849833,-0.002377521287388972
2019-11-29,0.019631017045288458,-0.0310349770985853,-0.11340421992070739,-0.08153622872934942,-0.0789415063741772,0.12870158830769318,-0.0813512774611439,-0.1315468879359648,0.11131296411215717,-0.14806133038851593,0.13715104522815802,0.06579334595592161,,
2019-12-31,-0.3327014543248523,-0.0017272609573117056,0.1869661548165454,-0.024294997871392852,0.2916729284425114,0.06366743514029195,-0.030513117748915304,0.18852671505877136,-0.15280293878614717,0.11929799662539257,-0.38400243601545514,-0.07208398853280257,0.03546229411310858,-0.036620636142935516
2020-01-31,-0.26299756052864764,0.3707997421185087,0.1402057013181401,-0.05746485080134391,0.08229628118428305,-0.14174830069113473,0.05262341824900399,0.0763764657270549,-0.15172763793597133,0.012826536707696796,-0.03764405864055341,0.06106508679727436,0.12479730003225081,-0.05959823493148072
2020-02-28,-0.3037176847871893,0.28787575385261005,0.04961255429060317,-0.03370027680808542,0.1504522494812074,-0.14865453852479482,0.06171914719066981,0.03720543951288936,-0.22943927636024677,0.06801577004167607,-0.3753185600620203,-0.06584436887050327,,
2020-03-31,0.012399974839013344,0.17217261777371862,-0.007492279559415251,-0.12804672201836673,-0.046634035515369716,-0.07519729601269588,0.042195111028627885,0.04522611008437524,0.2562421703314346,-0.15672458498706232,0.3289330140816151,0.09915438982931042,0.11172995708349187,0.01403285645090005
2020-04-30,-0.18152335619658574,0.2907359702035964,0.17915080904777664,-0.09850858873376425,0.13788667085571513,-0.14789053914138323,0.024771909231017433,0.03406798233541082,0.0400530962217944,-0.02161676223718012,0.04736905084726075,-0.07179561569063657,0.16001036796835472,-0.01011375299733477
2020-05-29,-0.09196959577649018,0.12566001265076565,0.09280390972024029,-0.04634488510073191,-0.012204096337304791,-0.1889701647072245,-0.03205451858930891,-0.045698133437343566,0.13628144883647453,0.10261858277243102,0.19413896195492958,0.1322172101641309,,
2020-06-30,-0.1822800324997468,0.12321494655364758,0.05819958674777031,0.04520685095136004,0.25107211225395837,-0.03360216490529618,0.04104243611243168,0.1222125323641949,-0.13779054104469446,0.14347450448882687,-0.27329633604589154,-0.09097336065438717,0.08279657418832023,0.041193258993578126
2020-07-31,-0.05628086710452304,0.16782426530197342,0.019243498768211003,-0.09051579438102178,-0.03356124583593333,-0.082490829538695,-0.09595171281285068,-0.17893686168532216,0.21716479641923267,-0.0240012097976036,0.18866727548758047,0.04885715197761996,0.014392286041971599,-0.03662339862760203
2020-08-31,-0.021297710164664453,0.06452489871889305,0.03969125090459561,-0.016598035099093217,0.1309618579564209,0.05602935249194498,0.04884574671474437,0.016294455355011048,-0.07356801712828956,0.04805107296040443,-0.018019339001504455,-0.06164879229137909,-0.02279189037224842,0.16430550754225676
2020-09-30,0.09279160591920252,-0.18257130970167543,-0.1001917772991072,0.12357487023540283,-0.10086857398157456,0.025434933311489438,0.07544887398441055,0.026077073430605998,0.00206264016984509,-0.0035291553710723,0.14032841808061453,0.050678602958661306,0.05482216524260756,0.02209531639679916
2020-10-30,0.08909861302144666,-0.15144143831280582,-0.05882091914033579,-0.03916471891926832,-0.33884671935612765,0.035354816259281815,-0.1528883977847929,-0.11546862011260899,0.4069739990661582,-0.10046807580908172,0.5925251049819551,0.3534162665058874,,
2020-11-30,-0.020975340454115223,-0.04225990180983496,0.02444746425033177,0.012056158249198545,-0.1480046989843849,-0.11929617935020422,-0.1314715851674172,-0.01054398934045277,0.1975061600172158,-0.031055234204954738,0.2985746583780964,0.2896756987319007,0.01793671747077313,-0.04420008203309057
2020-12-31,0.10021816299411984,-0.09999264771135835,-0.14511151654632226,-0.07295990161547779,0.02810988318174133,0.03093567406979191,-0.0627433360321628,0.1396487707773439,0.2262524004510329,0.10436039799904245,0.05109500315167681,0.24108270381184851,0.005796430379755399,-0.016796312787077196
2021-01-29,0.133292928201889,-0.1741861216374576,-0.088132026100653,0.05929536384454489,-0.2338764146834335,-0.0011014732204323893,-0.1497914188083196,-0.023188602210632063,0.30777105531665944,0.07228675242308097,0.6496265439266131,0.25647259554988383,,
2021-02-26,0.45352937518111835,-0.12510364125976423,-0.17605292565045455,0.11492653567587618,-0.2747877439314554,0.09573778265563393,0.08702743297358981,-0.12024235004072127,-0.3033832293394824,-0.005759762649518996,-0.09796367662234887,-0.368717442911193,,
2021-03-31,0.013352245498267726,-0.02290421634481864,0.1704715285711347,0.08771190835168553,0.03698842417419528,-0.00997653482817809,0.13847230688190215,0.09240293226402287,-0.04089415935493562,0.004578329359824477,0.011463232350453077,-0.09049268667067364,-0.0998175541157544,0.048996335718284
2021-04-30,0.04606501692381855,-0.2220798708102719,-0.13824305686822994,0.019456804347486544,0.16817858443058942,-0.05279337142484055,0.009099349221570689,0.059345604142442616,0.1442987503023336,0.14854533909533232,0.2536099949840995,0.08560671965451723,-0.06250670137330434,0.04955354106796062
2021-05-28,-0.21028171453949943,0.41138751335537144,0.19807433035973337,-0.14139004576040676,-0.016039825152409856,-0.14738639087941835,-0.0015593878337453492,0.04552422065187188,-0.014971179410762484,-0.06884543740533754,-0.13698801734273208,0.24115748042981805,,
2021-06-30,0.06138729618661911,0.2995778797240749,0.21758713356597495,0.07824177003813253,-0.19212834860013658,0.08193973968027728,-0.06247046787872091,-0.001628488777470077,-0.3804163359473336,-0.021757436504250417,-0.3306443802770298,-0.2319027113069588,0.01357881067120757,0.02119718289914129
2021-07-30,0.038988807147117145,-0.0530830572107494,0.13029030851921228,0.03285833959718885,0.22760805185310576,-0.05878639116964096,0.025799585382125925,0.13996634249787873,0.06616222762571494,0.09058382664974299,0.08652030043334079,0.07338391306398583,,
2021-08-31,-0.1283664696986768,-0.2890544245314184,-0.11702848075814289,-0.06827964623210957,0.032827799725745364,-0.10374464262605147,-0.08928830369271509,0.013095079157259359,0.22568659824089998,-0.061571717356996285,0.22701169445959465,0.12032027241227376,-0.045673009294336764,-0.006753907605040987
2021-09-30,-0.06113902102582575,0.08094628712125293,0.16371438762160986,0.007776032715687807,0.18750737214741375,-0.2206398291002342,0.05124917143464676,0.02720817027326789,-0.025566074854410894,0.09879120938267343,0.10719772793347336,0.058827518244099354,0.0036298909621898666,0.06361500427374175
2021-10-29,0.1082921026439867,0.2467608389988439,0.056519747805791005,-0.07262031659419083,-0.0759935583502335,0.023561813994241506,0.009296675928120342,0.06434137266012545,-0.19330089586708157,0.018053777548187606,-0.1330665815558511,-0.072035549377631,,
2021-11-30,0.17130204360451834,0.02953748100718467,-0.1914690366251855,0.02854819092263654,-0.3269030820646131,0.20228813381788444,0.059842728057424466,-0.08866110616839111,-0.2083583404741862,-0.0488029391533772,-0.34557614728117564,-0.22709366667859118,-0.050016985195566584,-0.03574063057906183
2021-12-31,0.16780806359323847,-0.49805859420090737,-0.37504125122769866,0.07857856710672509,-0.28234279572504095,0.09899185573223157,0.053018371290169966,-0.018404419587059045,0.08386560498231288,0.015713172580247594,-0.08606470476362289,-0.16532095447352332,-0.18114584653777005,-0.0949845541298185
2022-01-31,-0.10647405003054625,-0.2077692379418574,-0.20490750975674282,-0.09657309816129105,0.0724627584635795,-0.047843537389819606,0.017818457705829266,-0.015046195855015682,0.14968921170423993,0.01189398931521545,0.0854423113339155,0.09026191705556474,0.06221132869413963,-0.11651671955642674
2022-02-28,-0.13356788101573422,-0.0771344763322535,-0.1286932325805285,-0.1633136206480916,0.10327666041507447,0.14184252608265469,-0.07715436660574866,0.026352839782991022,-0.06667237632480263,0.08413471597386821,-0.1910155503881231,-0.14546252926198777,0.03647450598137864,-0.05883869155070052
2022-03-31,0.09305965163958715,-0.04010765533681097,-0.28257122927926087,-0.06339622839917855,0.07630144496577172,0.20359495478468206,-0.006674336363469419,-0.03399408269664098,-0.1446264264026687,-0.016528832466854583,-0.48801800176131815,-0.3148962553660188,-0.05696510320571221,0.10504654525546546
2022-04-29,0.1411721888270944,-0.2256408190059187,-0.14826276417756967,0.07190820571983794,0.021662919841626476,0.04518375952370628,0.022000206136604868,-0.0024747533761492126,0.09566842480641505,0.02623775003191213,-0.02482068421890752,0.012610995685459389,,
2022-05-31,-0.10430788133975435,0.15457348869762422,-0.07698361651989571,-0.037249494368529916,0.09881862341978406,0.08580274938479997,0.08039860616089023,-0.15170042764195288,-0.41949712473689893,-0.16440364521934608,-0.4888271925180242,-0.3160990760715771,-0.09797597175331585,0.02923574522567986
2022-06-30,-0.13497185306991008,0.160744443567108,0.30224036134609567,0.05556660442132512,-0.25665055004856735,-0.17941692913157287,0.03233547416209684,0.06285272667749697,0.14297379946063818,-0.08541153312324404,0.5990525315950185,0.22118323851491492,0.11767093076168349,-0.0466550510937302
2022-07-29,0.02680978332703375,-0.2812131080253686,-0.10891408110224228,-0.040882889660591185,0.2784939425755518,0.046284574340791196,-0.02513887974443193,0.09912190786153642,0.11308900540280514,0.14644731238142114,-0.11985413527238116,0.1195605663206231,,
2022-08-31,-0.021044589664953244,0.06536447777503021,-0.07613766746583488,-0.0017707548330494224,0.1634465233078413,-0.15338150780744864,0.0950741279847051,0.08496977182476163,-0.06022007144899268,0.1255372261469476,-0.12323228903854765,-0.1433889863504488,-0.11395161892658719,0.007308421886588887
2022-09-30,0.17925574083187998,-0.10387199244018705,-0.1634874075326769,0.08915250747365891,0.15245338255584254,-0.04786227791862397,-0.017506450504135008,0.004202102039962576,0.15183061711419862,0.04087336589842194,-0.009021836156829317,-0.03893089964113703,-0.011077697493191473,-0.006388826192809611
2022-10-31,0.16485041676491063,0.0979227662194095,-0.037644288495316994,0.12045691686187314,-0.1900004207528827,0.010859176568265074,0.037330223385638656,-0.041926440598302056,-0.007848921377095483,-0.07743162671998936,0.1331786634062512,-0.06099567375030122,0.015527377798636133,0.08480593385337373
2022-11-30,0.0596778924437301,-0.06617173044817296,-0.2976181227515961,0.08898229169474747,0.1831997031968268,0.1576050266282635,0.08866178363991352,0.011020057330957128,-0.23294014814167696,-0.004265762762311251,-0.3669582905912624,-0.24320388888273534,-0.1516480345509422,-0.015619685514245548
2022-12-30,0.09967862571877209,0.06637927333874169,0.21021427105703666,0.051304065161305375,-0.5235127942273063,-0.20563903079330487,0.07675735395163245,-0.1793443386990624,0.35701389747973766,-0.15665424921621798,0.6643734973298243,0.4050397245787113,,
2023-01-31,-0.04486836371513788,0.00376949292574634,0.0555255564819437,0.012937087377174113,0.03511938335161421,-0.08039233960449059,0.011824973245498596,0.12184844186612388,0.07853485173801714,0.00029522499908652235,0.11254228557467377,-0.029300313851534057,-0.0020585486759546914,
2023-02-28,-0.3059581728601699,0.38589239250083146,0.11181291451198654,-0.13214982002655545,-0.07144570032553946,0.07362286934859799,-0.11236181124031479,-0.0992459439615294,-0.15059603658226287,0.10486046617074293,0.0710999035271809,0.038769543303201134,0.0594173721609186,
2023-03-31,0.010668764677846826,-0.010381534457984625,-0.11683232847362325,0.02643415371185637,0.05949861048741043,0.06265444331139382,0.00701487264617698,-0.018051909231396924,-0.14936284478227316,-0.03848197001593759,-0.315020078171669,-0.1873796598655933,-0.17821513456882804,-0.10245128587578553
2023-04-28,-0.22331364624449784,0.10550219393808628,0.13753501232988846,-0.06827845129634118,0.000443006727908879,-0.12913819291038742,-0.0008668858339489883,0.047504743301476075,0.025659140139840726,0.024317065214530427,0.30120962561997244,0.09864046997126455,,
2023-05-31,0.07353537494658093,0.056414799335576485,0.019640155583048147,0.08758643372354578,0.048494334794245024,-0.09188338212108502,0.030645423086664014,0.1305901872358549,0.15748018387256907,0.17207990222141611,0.36888775069914914,0.1538108373515691,0.259735273713187,0.05957760083264294
2023-06-30,0.1854123614103088,-0.13058960995242752,0.06621776257835456,-0.0397398961114852,-0.3160567741854957,-0.06926031417919593,0.047134126683966805,-0.24025495998318136,0.25400301926192814,-0.1579720776925787,0.36603411289129434,0.2511803887942934,0.031186095288291058,-0.08749307057312546
2023-07-31,-0.07819780156565125,0.14504248645245785,-0.026768231469958468,-0.05223962490492037,0.15127391167346724,-0.08689830920208305,0.06361152701842393,0.06008439904883007,-0.04474312867686702,0.05271865393922798,-0.0661493696047834,-0.07597226117217896,0.011434247216472779,-0.07666242931949352
2023-08-31,0.12705615150907618,-0.11029598973451435,-0.01011888461220466,-0.12289657350348396,-0.027317396109501558,-0.08309051018996223,0.10527380723119278,-0.04018216184222875,0.01687652339070917,0.06657971416107189,-0.21480473713032183,-0.12510477041392543,-0.13517320767649607,-0.020817182870328188
2023-09-29,-0.004538184997278198,-0.07902095552354042,0.008099156637128697,-0.06286040522602905,0.018201755492963014,0.07507202709809915,-0.09441321321827122,0.054363415723675576,-0.1776382498397444,0.003974321646416853,-0.43292586310753445,-0.24982135799981334,,
2023-10-31,-0.10302983458393923,0.009041520465599012,0.07829525409331471,0.07045752484302449,0.16323426683670447,-0.08360234329860614,0.017052686484828015,0.059729630328187164,0.10683308348065818,-0.10018254675134952,0.49627345116153254,0.16401085172246993,-0.013703016365591958,
2023-11-30,0.04866943954450545,0.030908429982285136,0.06400159179003978,0.23962225597974654,-0.1590963773914372,-0.10871849422785301,0.11432193625469751,-0.11040662698587035,0.11846069588326254,-0.19880480540490855,0.5188185550679242,0.13338006665621405,0.16420156041341394,
2023-12-29,-0.10390118657233757,0.030926796790401733,-0.04354510007997419,-0.16082727164892602,0.3468089716810335,-0.10767112699500393,0.00936217740327479,0.19760127469357228,-0.05549132903743731,0.05174433165774697,-0.24960522841805557,-0.08434589291385981,,
2024-01-31,-0.16847521054867803,0.12404467726074946,0.09079080588197457,0.09132390248755887,0.37203961001297003,-0.10718180461543086,0.074410591603661,0.13212188470132546,0.056301523019527844,0.051687658335931204,0.2610821876399157,0.15479102016140558,0.0583401762448323,
2024-02-29,0.24659393257040943,-0.23089497865969746,-0.0637368085173677,0.10487807920519013,-0.15159215181608282,0.03988444521789412,-0.04734006688733154,-0.09228289513846247,0.16769499195649146,0.051810931585723495,0.17027754315455332,0.06976800959421418,-0.026720034492870238,
2024-03-28,0.07936571385841204,-0.204718860058969,-0.007564335379914834,-0.03572590200850452,-0.18443389700571497,0.19188765345559802,-0.07239377941468879,-0.06319369481311486,-0.0600108717715372,-0.05842996115278583,-0.15721321063169136,-0.1410206175977673,,
2024-04-30,0.006743394955902172,-0.1446309001542985,-0.026450540647468303,0.13336978036225147,0.08249314385440132,0.009870466683714748,0.035904152731338575,0.10114774162167715,0.11392710100400288,0.015922468359858662,0.043893243889762415,0.07260681566660411,-0.008234443909721242,
2024-05-31,-0.2041875658148156,0.2436005934872603,0.05562359604852684,-0.11505284552710035,0.20529492423056814,-0.2118773136698102,0.05586042203683397,0.03606992125132626,0.07209415940766167,0.08344708010512657,-0.07540233943206223,-0.0009440455952068353,-0.17816711668530866,
2024-06-28,0.17901960965262598,-0.2392363925717231,-0.04563494485166817,0.1722352824902814,-0.11645422848361166,0.12167969104668805,0.029246161059768454,-0.2301994331148217,-0.1311447666175066,-0.1337840433395841,0.07180432112389071,-0.12250057239972147,,
2024-07-31,-0.14554719161703245,-0.007201538247260188,0.03475896120456687,-0.029144401871228683,0.13697608207936182,0.05380754561439043,0.023119050361406844,0.1571488144337665,-0.1263127342440805,0.163644612626253,-0.28181208528695956,-0.1455966823775726,-0.1423952095318202,
2024-08-30,-0.02999943736821823,0.054339513451516205,-0.0005703716912265121,-0.014977317603856092,-0.0002713433580042971,0.062118418808217654,-0.10884697889139038,0.023776052514883066,0.05795424467871346,-0.010370639543073584,0.23594225179909947,0.11361530215559922,,
2024-09-30,0.0504138915871091,-0.18780648919852,0.03572726707118761,-0.005517959117210139,0.18813454922829845,-0.08855511692768907,0.055998648088883454,-0.048207219715513956,0.15185515854226583,-0.021587136586723298,0.020207858209647024,-0.009419617035300056,-0.05139209689888902,0.10530618211200521
2024-10-31,0.018044282570039472,-0.12296727808088706,0.17648565672213964,0.04010811226292415,0.14688797161972186,-0.15858726805899714,-0.01983039166489412,0.03778465619528013,0.1226615520486567,0.03629329144182704,0.144309768092255,0.07562448356957044,0.01843702905746349,0.06073847750453019
2024-11-29,-0.08016774103905784,0.21995021573674425,0.024149949964451425,-0.07643939046797245,-0.09423608554364958,-0.07240964407504022,-0.08535259248532791,0.12204945307220412,0.0009558499041454575,0.1241376271370563,-0.10204606226876556,-0.01601817539492678,,
