fold,test_month,best_hidden,best_lr,best_dropout,best_inner_ic,outer_ic,h16_lr1e-04_dr0.0,h16_lr1e-04_dr0.1,h16_lr1e-04_dr0.2,h16_lr1e-03_dr0.0,h16_lr1e-03_dr0.1,h16_lr1e-03_dr0.2,h16_lr1e-02_dr0.0,h16_lr1e-02_dr0.1,h16_lr1e-02_dr0.2,h32_lr1e-04_dr0.0,h32_lr1e-04_dr0.1,h32_lr1e-04_dr0.2,h32_lr1e-03_dr0.0,h32_lr1e-03_dr0.1,h32_lr1e-03_dr0.2,h32_lr1e-02_dr0.0,h32_lr1e-02_dr0.1,h32_lr1e-02_dr0.2,h64_lr1e-04_dr0.0,h64_lr1e-04_dr0.1,h64_lr1e-04_dr0.2,h64_lr1e-03_dr0.0,h64_lr1e-03_dr0.1,h64_lr1e-03_dr0.2,h64_lr1e-02_dr0.0,h64_lr1e-02_dr0.1,h64_lr1e-02_dr0.2
1,2020-02-28,32,0.0001,0.2,0.017615558310512883,-0.09059946797166966,-0.028452134294986636,-0.02340583400033015,-0.008652907756017491,-0.02697863288556383,-0.010538864079031452,0.00024153139940369267,-0.0058465063040129515,-0.012488879196822789,-0.04256721612602255,0.008865763454040974,0.01015447278242469,0.017615558310512883,0.012667537764304697,0.005901149735375349,0.014295305704095271,0.003534030093696987,-0.0034441244643432754,-0.003461026885109908,0.004838237438342514,0.0056444221254408865,-0.00381952585021075,0.013607109850161322,0.001598828425637915,0.006369159001934467,-0.013811107654845197,-0.01044766241677976,-0.016788641071057462
2,2020-03-31,32,0.0001,0.2,0.017615558310512883,0.22946086883051978,-0.028452134294986636,-0.02340583400033015,-0.008652907756017491,-0.02697863288556383,-0.010538864079031452,0.00024153139940369267,-0.0058465063040129515,-0.012488879196822789,-0.04256721612602255,0.008865763454040974,0.01015447278242469,0.017615558310512883,0.012667537764304697,0.005901149735375349,0.014295305704095271,0.003534030093696987,-0.0034441244643432754,-0.003461026885109908,0.004838237438342514,0.0056444221254408865,-0.00381952585021075,0.013607109850161322,0.001598828425637915,0.006369159001934467,-0.013811107654845197,-0.01044766241677976,-0.016788641071057462
3,2020-04-30,64,0.001,0.0,0.027324112157880318,0.01311332322686283,-0.017115957144320043,-0.020335201560964983,-0.011285878401025101,-0.00911278990285832,-0.019181316780834793,-0.007583711314615997,-0.015959717650532508,-0.009042670213353407,-0.0013612118961897578,0.005415157155840326,0.005320030779573416,0.00822644432473334,0.015548013263529456,0.00012534787339731667,-0.0003806202347346104,0.0050347380277852676,-2.0588981294409937e-05,-0.00929169373615923,0.0225362479019173,0.024188374663342966,0.010957903256949118,0.027324112157880318,0.023642485481882386,-0.0009205153158700086,0.006412198761766859,0.01854934726479377,0.022520578725088086
4,2020-05-29,64,0.001,0.0,0.028110544288821027,0.1863885973560739,-0.01510192854723831,-0.017270154347801252,-0.008495825522222498,-0.00812882819715978,-0.015211950637781399,-0.003922261338911257,-0.013448296545768458,-0.004348105187864683,-0.0011337217013662367,0.007425141360423277,0.0070242413686771345,0.008319703780093978,0.01646237661986119,0.0004289281744736799,0.0004910457746130139,0.005843404303963518,0.0021713861875200594,-0.007542783752177071,0.021291874643288133,0.026346842203367447,0.01398530310084123,0.028110544288821027,0.02575454419813777,0.001481905251571554,0.006616284503083987,0.02094169045608242,0.025201437947433954
5,2020-06-30,64,0.001,0.0,0.028110544288821027,-0.10330987848470005,-0.01510192854723831,-0.017270154347801252,-0.008495825522222498,-0.00812882819715978,-0.015211950637781399,-0.003922261338911257,-0.013448296545768458,-0.004348105187864683,-0.0011337217013662367,0.007425141360423277,0.0070242413686771345,0.008319703780093978,0.01646237661986119,0.0004289281744736799,0.0004910457746130139,0.005843404303963518,0.0021713861875200594,-0.007542783752177071,0.021291874643288133,0.026346842203367447,0.01398530310084123,0.028110544288821027,0.02575454419813777,0.001481905251571554,0.006616284503083987,0.02094169045608242,0.025201437947433954
6,2020-07-31,64,0.001,0.0,0.028110544288821027,0.06238088573133782,-0.01510192854723831,-0.017270154347801252,-0.008495825522222498,-0.00812882819715978,-0.015211950637781399,-0.003922261338911257,-0.013448296545768458,-0.004348105187864683,-0.0011337217013662367,0.007425141360423277,0.0070242413686771345,0.008319703780093978,0.01646237661986119,0.0004289281744736799,0.0004910457746130139,0.005843404303963518,0.0021713861875200594,-0.007542783752177071,0.021291874643288133,0.026346842203367447,0.01398530310084123,0.028110544288821027,0.02575454419813777,0.001481905251571554,0.006616284503083987,0.02094169045608242,0.025201437947433954
7,2020-08-31,64,0.01,0.0,0.029830420180565937,0.09106676923018461,-0.011295762477572262,0.0007208955553857551,0.010702532982105717,0.004556105076276552,0.004975980873975649,0.007624035496559489,0.006125515319576206,0.011275568940588098,0.015322843208293718,0.020326619664217213,0.015092049843000851,0.007365161691652869,0.02325588174794059,0.02676186747662689,0.006146892238919457,-0.00015758660367195393,0.021168797482863228,0.01230609304309063,0.024300173377486866,0.027979295646968588,0.021678381737702288,0.020863505292412612,0.023614309134623566,0.024996525888019327,0.029830420180565937,0.018548899507890872,0.015981816999808832
8,2020-09-30,64,0.01,0.0,0.030788488548760123,0.0316734780750192,-0.010840624153363065,0.006527415914936015,0.018949427583926103,0.007826183079960115,0.012949829107780376,0.014047475411922089,0.00552132378736545,0.02065494963324094,0.022781768311908895,0.023786319459978136,0.024236583354225683,0.01189776973042946,0.022393097430906714,0.02986694383254723,0.023045044712329377,0.022928722752269412,0.015813753224366154,0.013984070330472246,0.02691768939644271,0.02970795732600841,0.025022677716690294,0.01842423871902797,0.024935750990326525,0.025031291229490427,0.030788488548760123,0.02698267378950275,0.01806330720802644
9,2020-10-30,64,0.01,0.0,0.030788488548760123,0.06441527780257852,-0.010840624153363065,0.006527415914936015,0.018949427583926103,0.007826183079960115,0.012949829107780376,0.014047475411922089,0.00552132378736545,0.02065494963324094,0.022781768311908895,0.023786319459978136,0.024236583354225683,0.01189776973042946,0.022393097430906714,0.02986694383254723,0.023045044712329377,0.022928722752269412,0.015813753224366154,0.013984070330472246,0.02691768939644271,0.02970795732600841,0.025022677716690294,0.01842423871902797,0.024935750990326525,0.025031291229490427,0.030788488548760123,0.02698267378950275,0.01806330720802644
10,2020-11-30,64,0.01,0.0,0.030788488548760123,0.08725413538765579,-0.010840624153363065,0.006527415914936015,0.018949427583926103,0.007826183079960115,0.012949829107780376,0.014047475411922089,0.00552132378736545,0.02065494963324094,0.022781768311908895,0.023786319459978136,0.024236583354225683,0.01189776973042946,0.022393097430906714,0.02986694383254723,0.023045044712329377,0.022928722752269412,0.015813753224366154,0.013984070330472246,0.02691768939644271,0.02970795732600841,0.025022677716690294,0.01842423871902797,0.024935750990326525,0.025031291229490427,0.030788488548760123,0.02698267378950275,0.01806330720802644
11,2020-12-31,64,0.01,0.0,0.030788488548760123,-0.017201789189359967,-0.010840624153363065,0.006527415914936015,0.018949427583926103,0.007826183079960115,0.012949829107780376,0.014047475411922089,0.00552132378736545,0.02065494963324094,0.022781768311908895,0.023786319459978136,0.024236583354225683,0.01189776973042946,0.022393097430906714,0.02986694383254723,0.023045044712329377,0.022928722752269412,0.015813753224366154,0.013984070330472246,0.02691768939644271,0.02970795732600841,0.025022677716690294,0.01842423871902797,0.024935750990326525,0.025031291229490427,0.030788488548760123,0.02698267378950275,0.01806330720802644
12,2021-01-29,64,0.001,0.0,0.027135464123062555,0.1340113583596573,0.001973842994527533,-0.010463025136867586,-0.008761349469723753,0.004856089427540139,-0.011028101822843884,-0.010768768429595356,0.009318626364214926,-0.015537842791136916,0.0022293428796261888,0.007658355478757136,-0.0010371153622199096,-0.005150738437404295,0.012708181162790046,-0.004574895691241411,-0.000462338389706556,0.007016779692979781,-0.0036626457381464506,0.010605133814830178,0.019381595341503927,0.018792155680671357,0.012785065581323486,0.027135464123062555,0.018700677776566605,0.016021460451680108,0.022375494410326182,-0.006830442073650307,-0.00427329849782278
13,2021-02-26,64,0.001,0.1,0.02902440948174212,-0.06190254729944335,0.0022728703077761897,-0.009833268407842278,-0.00847041343891255,0.005638852331812216,-0.007220830185700737,-0.0036693901953518174,0.009540562317218566,-0.013168037801834414,0.003000111376847199,0.007303057907786742,-0.0025167033920553555,-0.007621641827296255,0.012249354045689371,-0.003105755355621779,0.014951232961384911,0.009933054473927838,0.00013402473203589596,0.011653501825982774,0.02046668917895709,0.02104185807554332,0.015272517021965271,0.028306739999248747,0.02902440948174212,0.023996915115084488,0.0247230853129259,0.0012138241130436277,-0.0014435042624175952
14,2021-03-31,64,0.001,0.1,0.02902440948174212,-0.03449005244731029,0.0022728703077761897,-0.009833268407842278,-0.00847041343891255,0.005638852331812216,-0.007220830185700737,-0.0036693901953518174,0.009540562317218566,-0.013168037801834414,0.003000111376847199,0.007303057907786742,-0.0025167033920553555,-0.007621641827296255,0.012249354045689371,-0.003105755355621779,0.014951232961384911,0.009933054473927838,0.00013402473203589596,0.011653501825982774,0.02046668917895709,0.02104185807554332,0.015272517021965271,0.028306739999248747,0.02902440948174212,0.023996915115084488,0.0247230853129259,0.0012138241130436277,-0.0014435042624175952
15,2021-04-30,64,0.001,0.1,0.02902440948174212,-0.05771266284151741,0.0022728703077761897,-0.009833268407842278,-0.00847041343891255,0.005638852331812216,-0.007220830185700737,-0.0036693901953518174,0.009540562317218566,-0.013168037801834414,0.003000111376847199,0.007303057907786742,-0.0025167033920553555,-0.007621641827296255,0.012249354045689371,-0.003105755355621779,0.014951232961384911,0.009933054473927838,0.00013402473203589596,0.011653501825982774,0.02046668917895709,0.02104185807554332,0.015272517021965271,0.028306739999248747,0.02902440948174212,0.023996915115084488,0.0247230853129259,0.0012138241130436277,-0.0014435042624175952
16,2021-05-28,64,0.001,0.0,0.021591865391060713,-0.09551896822226127,0.00421688751816595,-0.017141440928857013,-0.029891963768589862,0.005489129459291919,-0.013330546119277878,-0.02242777589547643,0.0002836606670235849,-0.0016165195289267395,-0.004297372576281696,0.010646628129325812,0.0015986570744121892,-0.004127778043942235,0.013251963887782063,0.008643092042169951,-0.0035053416250572524,0.014650358319947807,0.0061593066243584875,-0.022015301286357775,0.009251259483056955,0.0145715823986149,0.007851953992625026,0.021591865391060713,0.012688565969721973,0.014185191338412608,0.01182036954900526,0.011347610903401513,0.015295298175920817
17,2021-06-30,64,0.001,0.0,0.020360455872285816,-0.09610853911780662,0.003963634246278869,-0.01584788394033555,-0.02658237425200508,0.004965336954345437,-0.012210960578199564,-0.027274893107414006,0.0025627266136826845,0.0003205435047666562,-0.0030722748689375385,0.009490154292238729,0.002080855899095026,-0.0032192836935912646,0.013682746348970182,0.0016114886269241943,-0.002814118139795594,0.013414432749679942,0.005776371395399824,-0.002151672059198683,0.009640115133186923,0.014259605707597952,0.007472357828583849,0.020360455872285816,0.011367886563667962,0.012214239405475726,0.012584627188599873,0.008792687797021423,0.014044090038381583
18,2021-07-30,64,0.001,0.0,0.020360455872285816,-0.01567998972628783,0.003963634246278869,-0.01584788394033555,-0.02658237425200508,0.004965336954345437,-0.012210960578199564,-0.027274893107414006,0.0025627266136826845,0.0003205435047666562,-0.0030722748689375385,0.009490154292238729,0.002080855899095026,-0.0032192836935912646,0.013682746348970182,0.0016114886269241943,-0.002814118139795594,0.013414432749679942,0.005776371395399824,-0.002151672059198683,0.009640115133186923,0.014259605707597952,0.007472357828583849,0.020360455872285816,0.011367886563667962,0.012214239405475726,0.012584627188599873,0.008792687797021423,0.014044090038381583
19,2021-08-31,64,0.001,0.0,0.020360455872285816,-0.07599965974945665,0.003963634246278869,-0.01584788394033555,-0.02658237425200508,0.004965336954345437,-0.012210960578199564,-0.027274893107414006,0.0025627266136826845,0.0003205435047666562,-0.0030722748689375385,0.009490154292238729,0.002080855899095026,-0.0032192836935912646,0.013682746348970182,0.0016114886269241943,-0.002814118139795594,0.013414432749679942,0.005776371395399824,-0.002151672059198683,0.009640115133186923,0.014259605707597952,0.007472357828583849,0.020360455872285816,0.011367886563667962,0.012214239405475726,0.012584627188599873,0.008792687797021423,0.014044090038381583
20,2021-09-30,32,0.01,0.0,0.016792346158205712,0.041211695604858864,0.010550102798666014,-0.002911998102177127,-0.011385033529994133,0.012872981475242478,0.0021578946684309847,-0.0005433477928448079,0.006892836664504909,-0.0013708180574450435,0.006128668210059824,0.015570098916786674,0.00970121349650608,0.00030609523076670944,0.012402896535081573,0.010275551936626813,0.001206456428945411,0.016792346158205712,0.0026468006049916865,-0.0054072077760344795,0.012825363041545551,0.011870550444217915,0.005283578989722804,0.013347999627140625,0.009117121701919759,0.010928409568484156,0.00933554278167359,0.013738794917893938,0.010952514270726953
21,2021-10-29,32,0.01,0.0,0.016792346158205712,0.12467332652998077,0.010550102798666014,-0.002911998102177127,-0.011385033529994133,0.012872981475242478,0.0021578946684309847,-0.0005433477928448079,0.006892836664504909,-0.0013708180574450435,0.006128668210059824,0.015570098916786674,0.00970121349650608,0.00030609523076670944,0.012402896535081573,0.010275551936626813,0.001206456428945411,0.016792346158205712,0.0026468006049916865,-0.0054072077760344795,0.012825363041545551,0.011870550444217915,0.005283578989722804,0.013347999627140625,0.009117121701919759,0.010928409568484156,0.00933554278167359,0.013738794917893938,0.010952514270726953
22,2021-11-30,64,0.001,0.0,0.022872500352172694,-0.04258161828042685,0.011216171288281096,-0.0022276800971672145,-0.01066818433576771,0.0145598344333549,0.0033824870187791575,0.0011320510698283003,0.008830642597918067,0.0007499322443990167,0.011607094033891837,0.016007242588251175,0.011191363305019858,0.0019677805555604957,0.015255683728599284,0.010211958913601315,0.004122691572180935,0.019832040436949572,0.004741200318945068,-0.00048355277183162226,0.012904422440384094,0.012346710501467703,0.006625399564685375,0.022872500352172694,0.010512009515869331,0.011836333143488269,0.00777538770888483,0.017565095129659754,0.012364137506601529
23,2021-12-31,64,0.001,0.0,0.022872500352172694,-0.2797976399820564,0.011216171288281096,-0.0022276800971672145,-0.01066818433576771,0.0145598344333549,0.0033824870187791575,0.0011320510698283003,0.008830642597918067,0.0007499322443990167,0.011607094033891837,0.016007242588251175,0.011191363305019858,0.0019677805555604957,0.015255683728599284,0.010211958913601315,0.004122691572180935,0.019832040436949572,0.004741200318945068,-0.00048355277183162226,0.012904422440384094,0.012346710501467703,0.006625399564685375,0.022872500352172694,0.010512009515869331,0.011836333143488269,0.00777538770888483,0.017565095129659754,0.012364137506601529
24,2022-01-31,64,0.001,0.0,0.022872500352172694,-0.08571604614222926,0.011216171288281096,-0.0022276800971672145,-0.01066818433576771,0.0145598344333549,0.0033824870187791575,0.0011320510698283003,0.008830642597918067,0.0007499322443990167,0.011607094033891837,0.016007242588251175,0.011191363305019858,0.0019677805555604957,0.015255683728599284,0.010211958913601315,0.004122691572180935,0.019832040436949572,0.004741200318945068,-0.00048355277183162226,0.012904422440384094,0.012346710501467703,0.006625399564685375,0.022872500352172694,0.010512009515869331,0.011836333143488269,0.00777538770888483,0.017565095129659754,0.012364137506601529
25,2022-02-28,64,0.01,0.2,0.027322869882432006,,0.017459497394948748,0.007404020312549153,-0.0012203781049444525,0.015433644575372956,0.009180744139564977,0.008204589818514798,-0.002865898029374802,0.014742617095317026,0.00760921016532757,0.01356251621610261,0.02020683811466684,0.016849820040345968,0.017585026170062096,0.013867163372438695,0.00981770300719483,-0.0003614388383787401,0.014914545957598923,0.015437449257340386,0.01065621739376804,4.632013019817185e-05,0.011250766954021815,0.008118779404700452,0.010060669723199656,0.007688206976395526,0.004740283635374199,0.006280200824065115,0.027322869882432006
26,2022-03-31,64,0.01,0.2,0.020100965723266577,,0.015049735665662678,0.0039499226498801695,-0.004513660910778428,0.017208966884039976,0.005209151110298081,0.003157886712222467,-0.005995347182891489,0.0128477352307097,0.0070791891698287375,0.010432146517919037,0.017755501020864657,0.014620459947170462,0.013802024886707821,0.011063933871124025,0.008209201798655108,-0.002822820133113191,0.013070888905450622,0.009867057168707083,0.009372384178687462,-0.0029023769623072733,0.0076607850227198996,0.008017579607478951,0.0063975722876487015,0.003322936401084423,0.008049466004598004,0.004853099956828279,0.020100965723266577
27,2022-04-29,64,0.01,0.2,0.020100965723266577,0.050092565640324334,0.015049735665662678,0.0039499226498801695,-0.004513660910778428,0.017208966884039976,0.005209151110298081,0.003157886712222467,-0.005995347182891489,0.0128477352307097,0.0070791891698287375,0.010432146517919037,0.017755501020864657,0.014620459947170462,0.013802024886707821,0.011063933871124025,0.008209201798655108,-0.002822820133113191,0.013070888905450622,0.009867057168707083,0.009372384178687462,-0.0029023769623072733,0.0076607850227198996,0.008017579607478951,0.0063975722876487015,0.003322936401084423,0.008049466004598004,0.004853099956828279,0.020100965723266577
28,2022-05-31,64,0.01,0.2,0.020100965723266577,-0.11890043109554212,0.015049735665662678,0.0039499226498801695,-0.004513660910778428,0.017208966884039976,0.005209151110298081,0.003157886712222467,-0.005995347182891489,0.0128477352307097,0.0070791891698287375,0.010432146517919037,0.017755501020864657,0.014620459947170462,0.013802024886707821,0.011063933871124025,0.008209201798655108,-0.002822820133113191,0.013070888905450622,0.009867057168707083,0.009372384178687462,-0.0029023769623072733,0.0076607850227198996,0.008017579607478951,0.0063975722876487015,0.003322936401084423,0.008049466004598004,0.004853099956828279,0.020100965723266577
29,2022-06-30,16,0.01,0.1,0.0366221848910331,0.30159767238531615,0.020747813276397516,0.010127233636375523,0.000792386228180066,0.02519631270778991,0.014660825417955292,0.006098369892607644,0.01568425165419433,0.0366221848910331,0.01081654567594137,0.01580993376349191,0.019923107638540553,0.025670934935445516,0.02208765586372646,0.021232985197355905,0.017918962033745045,0.010731062502406581,0.026442557394532332,0.022985742200234433,0.01455712026380557,0.01373817859147926,0.016337583287097505,0.014745890357453271,0.011825358837383152,0.01672544429896065,0.005806459745150633,0.03505536491204743,0.014634236880501519
30,2022-07-29,64,0.01,0.1,0.03460433276846791,-0.11403027397809713,0.019293734040035208,0.008117180999199804,-0.0006029755159664667,0.023722224029565326,0.012382241491857238,0.004503082512695552,0.008275859936822692,0.031508155331597704,0.00992538172749937,0.01509880590143446,0.019010049506175367,0.02459659201445391,0.021211370994813832,0.020645353091288232,0.018707960551078002,0.009533850691730345,0.026254089104498307,0.018405497839059103,0.012787853745122951,0.009882399234444287,0.014992028899953845,0.01256117754121139,0.010316172970701367,0.015590230948344252,0.004260139452397486,0.03460433276846791,0.013705401136187732
31,2022-08-31,64,0.01,0.1,0.03460433276846791,-0.057567195531256686,0.019293734040035208,0.008117180999199804,-0.0006029755159664667,0.023722224029565326,0.012382241491857238,0.004503082512695552,0.008275859936822692,0.031508155331597704,0.00992538172749937,0.01509880590143446,0.019010049506175367,0.02459659201445391,0.021211370994813832,0.020645353091288232,0.018707960551078002,0.009533850691730345,0.026254089104498307,0.018405497839059103,0.012787853745122951,0.009882399234444287,0.014992028899953845,0.01256117754121139,0.010316172970701367,0.015590230948344252,0.004260139452397486,0.03460433276846791,0.013705401136187732
32,2022-09-30,64,0.01,0.1,0.03460433276846791,0.016751056759907526,0.019293734040035208,0.008117180999199804,-0.0006029755159664667,0.023722224029565326,0.012382241491857238,0.004503082512695552,0.008275859936822692,0.031508155331597704,0.00992538172749937,0.01509880590143446,0.019010049506175367,0.02459659201445391,0.021211370994813832,0.020645353091288232,0.018707960551078002,0.009533850691730345,0.026254089104498307,0.018405497839059103,0.012787853745122951,0.009882399234444287,0.014992028899953845,0.01256117754121139,0.010316172970701367,0.015590230948344252,0.004260139452397486,0.03460433276846791,0.013705401136187732
33,2022-10-31,64,0.01,0.1,0.03460433276846791,-0.025404591005163547,0.019293734040035208,0.008117180999199804,-0.0006029755159664667,0.023722224029565326,0.012382241491857238,0.004503082512695552,0.008275859936822692,0.031508155331597704,0.00992538172749937,0.01509880590143446,0.019010049506175367,0.02459659201445391,0.021211370994813832,0.020645353091288232,0.018707960551078002,0.009533850691730345,0.026254089104498307,0.018405497839059103,0.012787853745122951,0.009882399234444287,0.014992028899953845,0.01256117754121139,0.010316172970701367,0.015590230948344252,0.004260139452397486,0.03460433276846791,0.013705401136187732
34,2022-11-30,16,0.001,0.0,0.022849145482907656,-0.07354313555439303,0.008434654627303528,-0.0020065375800865973,-0.018354698905042488,0.022849145482907656,-0.011108460097584927,-0.009853602941884613,-0.003529638945158593,0.0029869584264543094,0.010383220944857805,0.00785456827102609,-0.0014817363268565347,-0.008438627717252345,0.003296502118361305,-0.009055105872575188,-0.004570901396094063,0.0022927076157968026,-0.00634995625499703,0.009431158386043477,0.012245853337371567,0.0044337876257843,-0.0001396036086751077,0.016356325139232908,0.006343359528969893,-0.008082952793524235,0.004039154544887894,0.013944312971654263,0.020073480425083886
35,2022-12-30,16,0.001,0.0,0.023377241641577454,0.38555995382905334,0.009760502737375052,-0.0018040413399310123,-0.017846962669794724,0.023377241641577454,-0.010504337832665142,-0.008341029258942092,-0.0043979306082948776,0.0031849068096881012,0.005564005068999498,0.006469033963335882,-0.002125274637786098,-0.010036706479898537,0.0017525241463053722,-0.012152926628777809,-0.006936696000647581,-0.003806944985263851,-0.009283373455639543,0.007436414698692539,0.011375599242022208,0.0035724646638476396,-0.0017543720981765553,0.015758628505236735,0.005349998514308144,-0.008976770654510784,0.0028755419586952383,0.012852777954290615,0.019529854303951887
36,2023-01-31,16,0.001,0.0,0.023377241641577454,0.09490526450164263,0.009760502737375052,-0.0018040413399310123,-0.017846962669794724,0.023377241641577454,-0.010504337832665142,-0.008341029258942092,-0.0043979306082948776,0.0031849068096881012,0.005564005068999498,0.006469033963335882,-0.002125274637786098,-0.010036706479898537,0.0017525241463053722,-0.012152926628777809,-0.006936696000647581,-0.003806944985263851,-0.009283373455639543,0.007436414698692539,0.011375599242022208,0.0035724646638476396,-0.0017543720981765553,0.015758628505236735,0.005349998514308144,-0.008976770654510784,0.0028755419586952383,0.012852777954290615,0.019529854303951887
37,2023-02-28,16,0.001,0.0,0.023377241641577454,-0.05331180109932072,0.009760502737375052,-0.0018040413399310123,-0.017846962669794724,0.023377241641577454,-0.010504337832665142,-0.008341029258942092,-0.0043979306082948776,0.0031849068096881012,0.005564005068999498,0.006469033963335882,-0.002125274637786098,-0.010036706479898537,0.0017525241463053722,-0.012152926628777809,-0.006936696000647581,-0.003806944985263851,-0.009283373455639543,0.007436414698692539,0.011375599242022208,0.0035724646638476396,-0.0017543720981765553,0.015758628505236735,0.005349998514308144,-0.008976770654510784,0.0028755419586952383,0.012852777954290615,0.019529854303951887
38,2023-03-31,64,0.001,0.0,0.02064890963497917,-0.08350189446789259,0.008384633186789408,-0.01564226914673274,-0.028884296309925134,0.01377187946328466,-0.00868049094691886,-0.027994498866564712,0.010315996127860392,0.011260892263699586,0.004647086999678296,-0.005589633113876627,-0.006178464261931132,-0.021704037577718962,-0.005581519023302457,-0.014871153222650863,-0.009909541672376143,0.005141528766504766,0.006559547292479262,0.0004115441111505874,-0.0009645832083478254,-0.013154909838079229,-0.01879788171525131,0.02064890963497917,-0.008016461846682955,-0.004360596699843969,0.005159435776138826,0.004637463149046485,0.011962853620940572
39,2023-04-28,64,0.001,0.0,0.0220324786205338,0.05954016720276967,0.0075234864973737,-0.01685609311439155,-0.014518956097876972,0.011184273672726735,-0.01868669347175155,-0.029402765561967647,-0.003842341001250728,0.012254790285753358,-0.013394393534663844,-0.004640149678831258,-0.011194976709780832,-0.022897561867488064,-0.0038888005284869512,0.0010289409932646813,-0.0022555338406035244,0.0053173329382828856,0.00770863514459813,0.018598623377650392,0.0005844429873944705,-0.012709406971119996,-0.016695937958942593,0.0220324786205338,-0.006394796719675265,-0.0012014002186003653,0.005707102274655792,0.006094508618420366,0.012969375607479072
40,2023-05-31,64,0.001,0.0,0.0220324786205338,0.057966440407825254,0.0075234864973737,-0.01685609311439155,-0.014518956097876972,0.011184273672726735,-0.01868669347175155,-0.029402765561967647,-0.003842341001250728,0.012254790285753358,-0.013394393534663844,-0.004640149678831258,-0.011194976709780832,-0.022897561867488064,-0.0038888005284869512,0.0010289409932646813,-0.0022555338406035244,0.0053173329382828856,0.00770863514459813,0.018598623377650392,0.0005844429873944705,-0.012709406971119996,-0.016695937958942593,0.0220324786205338,-0.006394796719675265,-0.0012014002186003653,0.005707102274655792,0.006094508618420366,0.012969375607479072
41,2023-06-30,64,0.001,0.0,0.0220324786205338,-0.05348816187778609,0.0075234864973737,-0.01685609311439155,-0.014518956097876972,0.011184273672726735,-0.01868669347175155,-0.029402765561967647,-0.003842341001250728,0.012254790285753358,-0.013394393534663844,-0.004640149678831258,-0.011194976709780832,-0.022897561867488064,-0.0038888005284869512,0.0010289409932646813,-0.0022555338406035244,0.0053173329382828856,0.00770863514459813,0.018598623377650392,0.0005844429873944705,-0.012709406971119996,-0.016695937958942593,0.0220324786205338,-0.006394796719675265,-0.0012014002186003653,0.005707102274655792,0.006094508618420366,0.012969375607479072
42,2023-07-31,64,0.001,0.0,0.0220324786205338,0.013863004756219825,0.0075234864973737,-0.01685609311439155,-0.014518956097876972,0.011184273672726735,-0.01868669347175155,-0.029402765561967647,-0.003842341001250728,0.012254790285753358,-0.013394393534663844,-0.004640149678831258,-0.011194976709780832,-0.022897561867488064,-0.0038888005284869512,0.0010289409932646813,-0.0022555338406035244,0.0053173329382828856,0.00770863514459813,0.018598623377650392,0.0005844429873944705,-0.012709406971119996,-0.016695937958942593,0.0220324786205338,-0.006394796719675265,-0.0012014002186003653,0.005707102274655792,0.006094508618420366,0.012969375607479072
43,2023-08-31,16,0.01,0.2,0.02550545010782605,0.0030254971422449964,0.024586954875820716,0.016472589288814562,0.010513739463191998,0.020683130656208155,0.01437937897126635,0.00825418705144791,0.012293745957632584,0.01806301061670826,0.02550545010782605,-0.0058965537203831695,-0.0042103124105375995,-0.00975778569083354,-0.006299427952645298,-0.008746955057643835,0.00030960863164702115,-0.004989745454340226,-0.0013513996251832208,0.010728155937850503,0.0028323194911773005,0.00650924971073035,0.0019473367093129686,0.018722864526928864,0.008926974822608727,0.006829181045121341,0.0031271950630863427,-0.00030455462979345785,0.0019172628566897609
44,2023-09-29,16,0.01,0.2,0.029235616134947972,-0.33039152535170063,0.027549475852270234,0.017712364450133775,0.011650643181196544,0.024174131410702696,0.017629470816169706,0.01011090477669951,0.015156870283424198,0.026702194068913332,0.029235616134947972,-0.0034656305457850373,-0.004152430782649022,-0.010145214593399008,-0.004498611369706333,-0.008952929422503905,0.0010542433591799194,0.0039906735864876025,0.0017657318004417055,0.018380197626800373,0.0021508639092895168,0.007048994623209935,0.0037732413429397787,0.015244695931671942,0.010411633780434321,0.008103187718755246,0.0023620503488739307,0.012097658226079487,0.00370219007406572
45,2023-10-31,16,0.01,0.2,0.029235616134947972,0.1436948781030891,0.027549475852270234,0.017712364450133775,0.011650643181196544,0.024174131410702696,0.017629470816169706,0.01011090477669951,0.015156870283424198,0.026702194068913332,0.029235616134947972,-0.0034656305457850373,-0.004152430782649022,-0.010145214593399008,-0.004498611369706333,-0.008952929422503905,0.0010542433591799194,0.0039906735864876025,0.0017657318004417055,0.018380197626800373,0.0021508639092895168,0.007048994623209935,0.0037732413429397787,0.015244695931671942,0.010411633780434321,0.008103187718755246,0.0023620503488739307,0.012097658226079487,0.00370219007406572
46,2023-11-30,16,0.01,0.2,0.029235616134947972,0.25354257509403977,0.027549475852270234,0.017712364450133775,0.011650643181196544,0.024174131410702696,0.017629470816169706,0.01011090477669951,0.015156870283424198,0.026702194068913332,0.029235616134947972,-0.0034656305457850373,-0.004152430782649022,-0.010145214593399008,-0.004498611369706333,-0.008952929422503905,0.0010542433591799194,0.0039906735864876025,0.0017657318004417055,0.018380197626800373,0.0021508639092895168,0.007048994623209935,0.0037732413429397787,0.015244695931671942,0.010411633780434321,0.008103187718755246,0.0023620503488739307,0.012097658226079487,0.00370219007406572
47,2023-12-29,16,0.01,0.1,0.039546809092220775,-0.20530032745721088,0.0269003561910664,0.024670535686190997,0.024937238129833103,0.027383765152055012,0.02703350343319889,0.02272447096007199,0.02625593938229005,0.039546809092220775,0.015004304381593954,0.008334147539019154,0.0032452894076061348,0.012520073137581874,0.008199820066802756,0.001771063187527816,0.015616998322836037,0.014567139147400801,0.03007234032160043,0.030139470332817307,0.013037811864473394,0.024087629525196438,0.024714483644019302,0.02734644258273557,0.022821572496552242,0.021953277346053787,0.01714048995732868,0.020642526762173482,0.021489235361446535
48,2024-01-31,16,0.01,0.1,0.03467875717878786,0.10355839297389323,0.028013989087758772,0.02840744427751571,0.027885769690022075,0.028396973665193347,0.028726650070578893,0.024765087663737657,0.024860474990764814,0.03467875717878786,0.016235417310495506,0.009691032058417285,0.004448446800072957,0.014443912650620583,0.009714575416475588,0.003698947658981821,0.017958081952537473,0.0167269428191207,0.031656951127706036,0.027362090819781557,0.013407368181596595,0.02425563558455597,0.025610827875865962,0.02757894831890394,0.022984616117866338,0.022898606434063135,0.018858238157390746,0.021891902483846763,0.023434150036294694
49,2024-02-29,16,0.01,0.1,0.03467875717878786,0.046517884094818836,0.028013989087758772,0.02840744427751571,0.027885769690022075,0.028396973665193347,0.028726650070578893,0.024765087663737657,0.024860474990764814,0.03467875717878786,0.016235417310495506,0.009691032058417285,0.004448446800072957,0.014443912650620583,0.009714575416475588,0.003698947658981821,0.017958081952537473,0.0167269428191207,0.031656951127706036,0.027362090819781557,0.013407368181596595,0.02425563558455597,0.025610827875865962,0.02757894831890394,0.022984616117866338,0.022898606434063135,0.018858238157390746,0.021891902483846763,0.023434150036294694
50,2024-03-28,16,0.01,0.1,0.03467875717878786,-0.1681957514143892,0.028013989087758772,0.02840744427751571,0.027885769690022075,0.028396973665193347,0.028726650070578893,0.024765087663737657,0.024860474990764814,0.03467875717878786,0.016235417310495506,0.009691032058417285,0.004448446800072957,0.014443912650620583,0.009714575416475588,0.003698947658981821,0.017958081952537473,0.0167269428191207,0.031656951127706036,0.027362090819781557,0.013407368181596595,0.02425563558455597,0.025610827875865962,0.02757894831890394,0.022984616117866338,0.022898606434063135,0.018858238157390746,0.021891902483846763,0.023434150036294694
51,2024-04-30,16,0.01,0.1,0.03467875717878786,-0.0881333873689342,0.028013989087758772,0.02840744427751571,0.027885769690022075,0.028396973665193347,0.028726650070578893,0.024765087663737657,0.024860474990764814,0.03467875717878786,0.016235417310495506,0.009691032058417285,0.004448446800072957,0.014443912650620583,0.009714575416475588,0.003698947658981821,0.017958081952537473,0.0167269428191207,0.031656951127706036,0.027362090819781557,0.013407368181596595,0.02425563558455597,0.025610827875865962,0.02757894831890394,0.022984616117866338,0.022898606434063135,0.018858238157390746,0.021891902483846763,0.023434150036294694
52,2024-05-31,16,0.01,0.1,0.03318676252819955,-0.06519150507379796,0.024271291321433255,0.02408478015595864,0.022674562970490444,0.01992185434958659,0.022009872227812702,0.02583485671434874,0.004843771700526561,0.03318676252819955,0.01814921538242331,0.006861597603156653,-0.0013058814724258682,0.006045195433230556,0.008104065254500742,0.002484116025069418,0.0014808929131572487,0.022696281626289616,0.018228007236394634,0.01047968465294512,0.013958502285181853,0.022139955961897426,0.01796070062300273,0.016824134943076236,0.019688862961644387,0.019663156817595083,0.029617001816163196,0.02943084322411249,0.01970715267805788
53,2024-06-28,16,0.01,0.1,0.03302521480355248,-0.055741511547597065,0.022392781276702804,0.022611118193448364,0.020205036508130294,0.01851427424099075,0.020470096874364605,0.025610078299763212,0.0037022288223436694,0.03302521480355248,0.016433183544683455,0.00614261237807225,-0.0024240091201971022,0.005112423152875831,0.006566796093240725,0.001234196770648073,0.0003075387107782356,0.020704098010882747,0.014520687274064177,0.007022752945378634,0.011907779496074036,0.019423302949676872,0.01592779725942539,0.014417651238079192,0.01815735003693618,0.017280671980787338,0.029956183962007905,0.029890864346627716,0.01777829480065478
54,2024-07-31,16,0.01,0.1,0.03302521480355248,0.04761197066338151,0.022392781276702804,0.022611118193448364,0.020205036508130294,0.01851427424099075,0.020470096874364605,0.025610078299763212,0.0037022288223436694,0.03302521480355248,0.016433183544683455,0.00614261237807225,-0.0024240091201971022,0.005112423152875831,0.006566796093240725,0.001234196770648073,0.0003075387107782356,0.020704098010882747,0.014520687274064177,0.007022752945378634,0.011907779496074036,0.019423302949676872,0.01592779725942539,0.014417651238079192,0.01815735003693618,0.017280671980787338,0.029956183962007905,0.029890864346627716,0.01777829480065478
55,2024-08-30,16,0.01,0.1,0.03302521480355248,0.05056497899731707,0.022392781276702804,0.022611118193448364,0.020205036508130294,0.01851427424099075,0.020470096874364605,0.025610078299763212,0.0037022288223436694,0.03302521480355248,0.016433183544683455,0.00614261237807225,-0.0024240091201971022,0.005112423152875831,0.006566796093240725,0.001234196770648073,0.0003075387107782356,0.020704098010882747,0.014520687274064177,0.007022752945378634,0.011907779496074036,0.019423302949676872,0.01592779725942539,0.014417651238079192,0.01815735003693618,0.017280671980787338,0.029956183962007905,0.029890864346627716,0.01777829480065478
56,2024-09-30,64,0.001,0.0,0.029338844449152107,-0.04292776313976113,0.017574775625570093,0.019255056130143233,0.018267658032832767,0.024780623037315735,0.010692920448175268,0.023194237391913713,0.014053957763192461,0.010696935128291436,0.01567114925755906,0.013211160525376507,0.002371199676022564,0.0063783565590572735,0.010592820748774401,0.002757663778481022,0.0012572052125599347,0.01725878815333474,0.016872017875241285,0.009699814865372062,0.014027399553369577,0.014248629329429663,0.014057340247935089,0.029338844449152107,0.012357422557161163,0.009880463857043553,0.026225069975137016,0.015493701782311492,0.021564696798818127
57,2024-10-31,64,0.001,0.0,0.024241103860524426,-0.01805640344173709,0.014386830314109289,0.01595776350774103,0.016370346281736378,0.021358785991152058,0.006745176515559371,0.020493486519053618,0.009734955798934646,0.004505795231258178,0.00019484207254078073,0.009621604689855246,-0.001204848597640168,0.0024096648255701133,0.006372760472515861,-0.001627163454710703,-0.0032994354128205866,0.011126700438999333,0.012023827905188925,0.0002761511286271566,0.010093337393670132,0.009703273086091743,0.010671302949357296,0.024241103860524426,0.008911170400111341,0.0053773562729838185,0.022827290089280413,0.009635711396092454,0.023089334934226356
58,2024-11-29,64,0.001,0.0,0.024241103860524426,0.004361296578514615,0.014386830314109289,0.01595776350774103,0.016370346281736378,0.021358785991152058,0.006745176515559371,0.020493486519053618,0.009734955798934646,0.004505795231258178,0.00019484207254078073,0.009621604689855246,-0.001204848597640168,0.0024096648255701133,0.006372760472515861,-0.001627163454710703,-0.0032994354128205866,0.011126700438999333,0.012023827905188925,0.0002761511286271566,0.010093337393670132,0.009703273086091743,0.010671302949357296,0.024241103860524426,0.008911170400111341,0.0053773562729838185,0.022827290089280413,0.009635711396092454,0.023089334934226356
